d,C,c_w,n_a,n_b,p,m,W,depth,duration,seed,applied,refused,overshoot_max,overshoot_secs,overshoot_after_last,bound_rate,bound_caps,h4_violations,H1,H2,H3,H4
0,1000,300,2,2,0.05,20,600,1,1800,0,298,95,0,0,0,0,600,0,True,True,True,True
0,1000,300,2,2,0.05,20,600,1,1800,1,299,54,0,0,0,0,600,0,True,True,True,True
0,1000,300,2,2,0.05,20,600,1,1800,2,306,91,0,0,0,0,600,0,True,True,True,True
0,1000,300,2,2,0.05,20,600,1,1800,3,304,61,0,0,0,0,600,0,True,True,True,True
0,1000,300,2,2,0.05,20,600,1,1800,4,287,62,0,0,0,0,600,0,True,True,True,True
0,1000,300,2,2,0.05,20,600,1,1800,5,292,89,0,0,0,0,600,0,True,True,True,True
0,1000,300,2,2,0.05,20,600,1,1800,6,303,81,0,0,0,0,600,0,True,True,True,True
0,1000,300,2,2,0.05,20,600,1,1800,7,296,75,0,0,0,0,600,0,True,True,True,True
0,1000,300,2,2,0.05,20,600,1,1800,8,309,79,0,0,0,0,600,0,True,True,True,True
0,1000,300,2,2,0.05,20,600,1,1800,9,297,75,0,0,0,0,600,0,True,True,True,True
0,1000,300,2,2,0.05,20,600,1,1800,10,287,73,0,0,0,0,600,0,True,True,True,True
0,1000,300,2,2,0.05,20,600,1,1800,11,292,71,0,0,0,0,600,0,True,True,True,True
0,1000,300,2,2,0.05,20,600,1,1800,12,284,62,0,0,0,0,600,0,True,True,True,True
0,1000,300,2,2,0.05,20,600,1,1800,13,292,90,0,0,0,0,600,0,True,True,True,True
0,1000,300,2,2,0.05,20,600,1,1800,14,285,82,0,0,0,0,600,0,True,True,True,True
0,1000,300,2,2,0.05,20,600,1,1800,15,292,53,0,0,0,0,600,0,True,True,True,True
0,1000,300,2,2,0.05,20,600,1,1800,16,313,50,0,0,0,0,600,0,True,True,True,True
0,1000,300,2,2,0.05,20,600,1,1800,17,283,64,0,0,0,0,600,0,True,True,True,True
0,1000,300,2,2,0.05,20,600,1,1800,18,287,79,0,0,0,0,600,0,True,True,True,True
0,1000,300,2,2,0.05,20,600,1,1800,19,279,59,0,0,0,0,600,0,True,True,True,True
0,1000,300,2,2,0.05,20,600,2,1800,0,298,95,0,0,0,0,600,0,True,True,True,True
0,1000,300,2,2,0.05,20,600,2,1800,1,299,54,0,0,0,0,600,0,True,True,True,True
0,1000,300,2,2,0.05,20,600,2,1800,2,306,91,0,0,0,0,600,0,True,True,True,True
0,1000,300,2,2,0.05,20,600,2,1800,3,304,61,0,0,0,0,600,0,True,True,True,True
0,1000,300,2,2,0.05,20,600,2,1800,4,287,62,0,0,0,0,600,0,True,True,True,True
0,1000,300,2,2,0.05,20,600,2,1800,5,292,89,0,0,0,0,600,0,True,True,True,True
0,1000,300,2,2,0.05,20,600,2,1800,6,303,81,0,0,0,0,600,0,True,True,True,True
0,1000,300,2,2,0.05,20,600,2,1800,7,296,75,0,0,0,0,600,0,True,True,True,True
0,1000,300,2,2,0.05,20,600,2,1800,8,309,79,0,0,0,0,600,0,True,True,True,True
0,1000,300,2,2,0.05,20,600,2,1800,9,297,75,0,0,0,0,600,0,True,True,True,True
0,1000,300,2,2,0.05,20,600,2,1800,10,287,73,0,0,0,0,600,0,True,True,True,True
0,1000,300,2,2,0.05,20,600,2,1800,11,292,71,0,0,0,0,600,0,True,True,True,True
0,1000,300,2,2,0.05,20,600,2,1800,12,284,62,0,0,0,0,600,0,True,True,True,True
0,1000,300,2,2,0.05,20,600,2,1800,13,292,90,0,0,0,0,600,0,True,True,True,True
0,1000,300,2,2,0.05,20,600,2,1800,14,285,82,0,0,0,0,600,0,True,True,True,True
0,1000,300,2,2,0.05,20,600,2,1800,15,292,53,0,0,0,0,600,0,True,True,True,True
0,1000,300,2,2,0.05,20,600,2,1800,16,313,50,0,0,0,0,600,0,True,True,True,True
0,1000,300,2,2,0.05,20,600,2,1800,17,283,64,0,0,0,0,600,0,True,True,True,True
0,1000,300,2,2,0.05,20,600,2,1800,18,287,79,0,0,0,0,600,0,True,True,True,True
0,1000,300,2,2,0.05,20,600,2,1800,19,279,59,0,0,0,0,600,0,True,True,True,True
0,1000,300,2,2,0.5,20,600,1,1800,0,313,3267,0,0,0,0,600,0,True,True,True,True
0,1000,300,2,2,0.5,20,600,1,1800,1,328,3373,0,0,0,0,600,0,True,True,True,True
0,1000,300,2,2,0.5,20,600,1,1800,2,308,3316,0,0,0,0,600,0,True,True,True,True
0,1000,300,2,2,0.5,20,600,1,1800,3,296,3436,0,0,0,0,600,0,True,True,True,True
0,1000,300,2,2,0.5,20,600,1,1800,4,308,3324,0,0,0,0,600,0,True,True,True,True
0,1000,300,2,2,0.5,20,600,1,1800,5,301,3247,0,0,0,0,600,0,True,True,True,True
0,1000,300,2,2,0.5,20,600,1,1800,6,307,3333,0,0,0,0,600,0,True,True,True,True
0,1000,300,2,2,0.5,20,600,1,1800,7,307,3369,0,0,0,0,600,0,True,True,True,True
0,1000,300,2,2,0.5,20,600,1,1800,8,314,3284,0,0,0,0,600,0,True,True,True,True
0,1000,300,2,2,0.5,20,600,1,1800,9,305,3351,0,0,0,0,600,0,True,True,True,True
0,1000,300,2,2,0.5,20,600,1,1800,10,294,3323,0,0,0,0,600,0,True,True,True,True
0,1000,300,2,2,0.5,20,600,1,1800,11,282,3353,0,0,0,0,600,0,True,True,True,True
0,1000,300,2,2,0.5,20,600,1,1800,12,299,3288,0,0,0,0,600,0,True,True,True,True
0,1000,300,2,2,0.5,20,600,1,1800,13,293,3331,0,0,0,0,600,0,True,True,True,True
0,1000,300,2,2,0.5,20,600,1,1800,14,303,3392,0,0,0,0,600,0,True,True,True,True
0,1000,300,2,2,0.5,20,600,1,1800,15,308,3350,0,0,0,0,600,0,True,True,True,True
0,1000,300,2,2,0.5,20,600,1,1800,16,322,3354,0,0,0,0,600,0,True,True,True,True
0,1000,300,2,2,0.5,20,600,1,1800,17,295,3300,0,0,0,0,600,0,True,True,True,True
0,1000,300,2,2,0.5,20,600,1,1800,18,300,3299,0,0,0,0,600,0,True,True,True,True
0,1000,300,2,2,0.5,20,600,1,1800,19,302,3356,0,0,0,0,600,0,True,True,True,True
0,1000,300,2,2,0.5,20,600,2,1800,0,313,3267,0,0,0,0,600,0,True,True,True,True
0,1000,300,2,2,0.5,20,600,2,1800,1,328,3373,0,0,0,0,600,0,True,True,True,True
0,1000,300,2,2,0.5,20,600,2,1800,2,308,3316,0,0,0,0,600,0,True,True,True,True
0,1000,300,2,2,0.5,20,600,2,1800,3,296,3436,0,0,0,0,600,0,True,True,True,True
0,1000,300,2,2,0.5,20,600,2,1800,4,308,3324,0,0,0,0,600,0,True,True,True,True
0,1000,300,2,2,0.5,20,600,2,1800,5,301,3247,0,0,0,0,600,0,True,True,True,True
0,1000,300,2,2,0.5,20,600,2,1800,6,307,3333,0,0,0,0,600,0,True,True,True,True
0,1000,300,2,2,0.5,20,600,2,1800,7,307,3369,0,0,0,0,600,0,True,True,True,True
0,1000,300,2,2,0.5,20,600,2,1800,8,314,3284,0,0,0,0,600,0,True,True,True,True
0,1000,300,2,2,0.5,20,600,2,1800,9,305,3351,0,0,0,0,600,0,True,True,True,True
0,1000,300,2,2,0.5,20,600,2,1800,10,294,3323,0,0,0,0,600,0,True,True,True,True
0,1000,300,2,2,0.5,20,600,2,1800,11,282,3353,0,0,0,0,600,0,True,True,True,True
0,1000,300,2,2,0.5,20,600,2,1800,12,299,3288,0,0,0,0,600,0,True,True,True,True
0,1000,300,2,2,0.5,20,600,2,1800,13,293,3331,0,0,0,0,600,0,True,True,True,True
0,1000,300,2,2,0.5,20,600,2,1800,14,303,3392,0,0,0,0,600,0,True,True,True,True
0,1000,300,2,2,0.5,20,600,2,1800,15,308,3350,0,0,0,0,600,0,True,True,True,True
0,1000,300,2,2,0.5,20,600,2,1800,16,322,3354,0,0,0,0,600,0,True,True,True,True
0,1000,300,2,2,0.5,20,600,2,1800,17,295,3300,0,0,0,0,600,0,True,True,True,True
0,1000,300,2,2,0.5,20,600,2,1800,18,300,3299,0,0,0,0,600,0,True,True,True,True
0,1000,300,2,2,0.5,20,600,2,1800,19,302,3356,0,0,0,0,600,0,True,True,True,True
0,1000,300,1,4,0.05,20,600,1,1800,0,312,176,0,0,0,0,1200,0,True,True,True,True
0,1000,300,1,4,0.05,20,600,1,1800,1,313,130,0,0,0,0,1200,0,True,True,True,True
0,1000,300,1,4,0.05,20,600,1,1800,2,307,185,0,0,0,0,1200,0,True,True,True,True
0,1000,300,1,4,0.05,20,600,1,1800,3,308,145,0,0,0,0,1200,0,True,True,True,True
0,1000,300,1,4,0.05,20,600,1,1800,4,310,131,0,0,0,0,1200,0,True,True,True,True
0,1000,300,1,4,0.05,20,600,1,1800,5,300,188,0,0,0,0,1200,0,True,True,True,True
0,1000,300,1,4,0.05,20,600,1,1800,6,304,169,0,0,0,0,1200,0,True,True,True,True
0,1000,300,1,4,0.05,20,600,1,1800,7,310,162,0,0,0,0,1200,0,True,True,True,True
0,1000,300,1,4,0.05,20,600,1,1800,8,310,170,0,0,0,0,1200,0,True,True,True,True
0,1000,300,1,4,0.05,20,600,1,1800,9,311,142,0,0,0,0,1200,0,True,True,True,True
0,1000,300,1,4,0.05,20,600,1,1800,10,298,148,0,0,0,0,1200,0,True,True,True,True
0,1000,300,1,4,0.05,20,600,1,1800,11,279,161,0,0,0,0,1200,0,True,True,True,True
0,1000,300,1,4,0.05,20,600,1,1800,12,295,129,0,0,0,0,1200,0,True,True,True,True
0,1000,300,1,4,0.05,20,600,1,1800,13,300,179,0,0,0,0,1200,0,True,True,True,True
0,1000,300,1,4,0.05,20,600,1,1800,14,282,166,0,0,0,0,1200,0,True,True,True,True
0,1000,300,1,4,0.05,20,600,1,1800,15,300,123,0,0,0,0,1200,0,True,True,True,True
0,1000,300,1,4,0.05,20,600,1,1800,16,323,125,0,0,0,0,1200,0,True,True,True,True
0,1000,300,1,4,0.05,20,600,1,1800,17,302,144,0,0,0,0,1200,0,True,True,True,True
0,1000,300,1,4,0.05,20,600,1,1800,18,300,147,0,0,0,0,1200,0,True,True,True,True
0,1000,300,1,4,0.05,20,600,1,1800,19,299,120,0,0,0,0,1200,0,True,True,True,True
0,1000,300,1,4,0.05,20,600,2,1800,0,312,176,0,0,0,0,1200,0,True,True,True,True
0,1000,300,1,4,0.05,20,600,2,1800,1,313,130,0,0,0,0,1200,0,True,True,True,True
0,1000,300,1,4,0.05,20,600,2,1800,2,307,185,0,0,0,0,1200,0,True,True,True,True
0,1000,300,1,4,0.05,20,600,2,1800,3,308,145,0,0,0,0,1200,0,True,True,True,True
0,1000,300,1,4,0.05,20,600,2,1800,4,310,131,0,0,0,0,1200,0,True,True,True,True
0,1000,300,1,4,0.05,20,600,2,1800,5,300,188,0,0,0,0,1200,0,True,True,True,True
0,1000,300,1,4,0.05,20,600,2,1800,6,304,169,0,0,0,0,1200,0,True,True,True,True
0,1000,300,1,4,0.05,20,600,2,1800,7,310,162,0,0,0,0,1200,0,True,True,True,True
0,1000,300,1,4,0.05,20,600,2,1800,8,310,170,0,0,0,0,1200,0,True,True,True,True
0,1000,300,1,4,0.05,20,600,2,1800,9,311,142,0,0,0,0,1200,0,True,True,True,True
0,1000,300,1,4,0.05,20,600,2,1800,10,298,148,0,0,0,0,1200,0,True,True,True,True
0,1000,300,1,4,0.05,20,600,2,1800,11,279,161,0,0,0,0,1200,0,True,True,True,True
0,1000,300,1,4,0.05,20,600,2,1800,12,295,129,0,0,0,0,1200,0,True,True,True,True
0,1000,300,1,4,0.05,20,600,2,1800,13,300,179,0,0,0,0,1200,0,True,True,True,True
0,1000,300,1,4,0.05,20,600,2,1800,14,282,166,0,0,0,0,1200,0,True,True,True,True
0,1000,300,1,4,0.05,20,600,2,1800,15,300,123,0,0,0,0,1200,0,True,True,True,True
0,1000,300,1,4,0.05,20,600,2,1800,16,323,125,0,0,0,0,1200,0,True,True,True,True
0,1000,300,1,4,0.05,20,600,2,1800,17,302,144,0,0,0,0,1200,0,True,True,True,True
0,1000,300,1,4,0.05,20,600,2,1800,18,300,147,0,0,0,0,1200,0,True,True,True,True
0,1000,300,1,4,0.05,20,600,2,1800,19,299,120,0,0,0,0,1200,0,True,True,True,True
0,1000,300,1,4,0.5,20,600,1,1800,0,306,4129,0,0,0,0,1200,0,True,True,True,True
0,1000,300,1,4,0.5,20,600,1,1800,1,308,4267,0,0,0,0,1200,0,True,True,True,True
0,1000,300,1,4,0.5,20,600,1,1800,2,307,4222,0,0,0,0,1200,0,True,True,True,True
0,1000,300,1,4,0.5,20,600,1,1800,3,305,4309,0,0,0,0,1200,0,True,True,True,True
0,1000,300,1,4,0.5,20,600,1,1800,4,292,4245,0,0,0,0,1200,0,True,True,True,True
0,1000,300,1,4,0.5,20,600,1,1800,5,309,4141,0,0,0,0,1200,0,True,True,True,True
0,1000,300,1,4,0.5,20,600,1,1800,6,292,4220,0,0,0,0,1200,0,True,True,True,True
0,1000,300,1,4,0.5,20,600,1,1800,7,299,4288,0,0,0,0,1200,0,True,True,True,True
0,1000,300,1,4,0.5,20,600,1,1800,8,327,4208,0,0,0,0,1200,0,True,True,True,True
0,1000,300,1,4,0.5,20,600,1,1800,9,314,4246,0,0,0,0,1200,0,True,True,True,True
0,1000,300,1,4,0.5,20,600,1,1800,10,283,4223,0,0,0,0,1200,0,True,True,True,True
0,1000,300,1,4,0.5,20,600,1,1800,11,302,4241,0,0,0,0,1200,0,True,True,True,True
0,1000,300,1,4,0.5,20,600,1,1800,12,288,4212,0,0,0,0,1200,0,True,True,True,True
0,1000,300,1,4,0.5,20,600,1,1800,13,298,4198,0,0,0,0,1200,0,True,True,True,True
0,1000,300,1,4,0.5,20,600,1,1800,14,300,4316,0,0,0,0,1200,0,True,True,True,True
0,1000,300,1,4,0.5,20,600,1,1800,15,309,4259,0,0,0,0,1200,0,True,True,True,True
0,1000,300,1,4,0.5,20,600,1,1800,16,320,4284,0,0,0,0,1200,0,True,True,True,True
0,1000,300,1,4,0.5,20,600,1,1800,17,295,4238,0,0,0,0,1200,0,True,True,True,True
0,1000,300,1,4,0.5,20,600,1,1800,18,298,4206,0,0,0,0,1200,0,True,True,True,True
0,1000,300,1,4,0.5,20,600,1,1800,19,300,4260,0,0,0,0,1200,0,True,True,True,True
0,1000,300,1,4,0.5,20,600,2,1800,0,306,4129,0,0,0,0,1200,0,True,True,True,True
0,1000,300,1,4,0.5,20,600,2,1800,1,308,4267,0,0,0,0,1200,0,True,True,True,True
0,1000,300,1,4,0.5,20,600,2,1800,2,307,4222,0,0,0,0,1200,0,True,True,True,True
0,1000,300,1,4,0.5,20,600,2,1800,3,305,4309,0,0,0,0,1200,0,True,True,True,True
0,1000,300,1,4,0.5,20,600,2,1800,4,292,4245,0,0,0,0,1200,0,True,True,True,True
0,1000,300,1,4,0.5,20,600,2,1800,5,309,4141,0,0,0,0,1200,0,True,True,True,True
0,1000,300,1,4,0.5,20,600,2,1800,6,292,4220,0,0,0,0,1200,0,True,True,True,True
0,1000,300,1,4,0.5,20,600,2,1800,7,299,4288,0,0,0,0,1200,0,True,True,True,True
0,1000,300,1,4,0.5,20,600,2,1800,8,327,4208,0,0,0,0,1200,0,True,True,True,True
0,1000,300,1,4,0.5,20,600,2,1800,9,314,4246,0,0,0,0,1200,0,True,True,True,True
0,1000,300,1,4,0.5,20,600,2,1800,10,283,4223,0,0,0,0,1200,0,True,True,True,True
0,1000,300,1,4,0.5,20,600,2,1800,11,302,4241,0,0,0,0,1200,0,True,True,True,True
0,1000,300,1,4,0.5,20,600,2,1800,12,288,4212,0,0,0,0,1200,0,True,True,True,True
0,1000,300,1,4,0.5,20,600,2,1800,13,298,4198,0,0,0,0,1200,0,True,True,True,True
0,1000,300,1,4,0.5,20,600,2,1800,14,300,4316,0,0,0,0,1200,0,True,True,True,True
0,1000,300,1,4,0.5,20,600,2,1800,15,309,4259,0,0,0,0,1200,0,True,True,True,True
0,1000,300,1,4,0.5,20,600,2,1800,16,320,4284,0,0,0,0,1200,0,True,True,True,True
0,1000,300,1,4,0.5,20,600,2,1800,17,295,4238,0,0,0,0,1200,0,True,True,True,True
0,1000,300,1,4,0.5,20,600,2,1800,18,298,4206,0,0,0,0,1200,0,True,True,True,True
0,1000,300,1,4,0.5,20,600,2,1800,19,300,4260,0,0,0,0,1200,0,True,True,True,True
0,1000,1000,2,2,0.05,20,600,1,1800,0,293,100,0,0,0,0,2000,0,True,True,True,True
0,1000,1000,2,2,0.05,20,600,1,1800,1,302,51,0,0,0,0,2000,0,True,True,True,True
0,1000,1000,2,2,0.05,20,600,1,1800,2,299,98,0,0,0,0,2000,0,True,True,True,True
0,1000,1000,2,2,0.05,20,600,1,1800,3,308,57,0,0,0,0,2000,0,True,True,True,True
0,1000,1000,2,2,0.05,20,600,1,1800,4,299,50,0,0,0,0,2000,0,True,True,True,True
0,1000,1000,2,2,0.05,20,600,1,1800,5,297,84,0,0,0,0,2000,0,True,True,True,True
0,1000,1000,2,2,0.05,20,600,1,1800,6,297,87,0,0,0,0,2000,0,True,True,True,True
0,1000,1000,2,2,0.05,20,600,1,1800,7,293,78,0,0,0,0,2000,0,True,True,True,True
0,1000,1000,2,2,0.05,20,600,1,1800,8,312,76,0,0,0,0,2000,0,True,True,True,True
0,1000,1000,2,2,0.05,20,600,1,1800,9,301,71,0,0,0,0,2000,0,True,True,True,True
0,1000,1000,2,2,0.05,20,600,1,1800,10,292,68,0,0,0,0,2000,0,True,True,True,True
0,1000,1000,2,2,0.05,20,600,1,1800,11,288,75,0,0,0,0,2000,0,True,True,True,True
0,1000,1000,2,2,0.05,20,600,1,1800,12,294,52,0,0,0,0,2000,0,True,True,True,True
0,1000,1000,2,2,0.05,20,600,1,1800,13,296,86,0,0,0,0,2000,0,True,True,True,True
0,1000,1000,2,2,0.05,20,600,1,1800,14,290,77,0,0,0,0,2000,0,True,True,True,True
0,1000,1000,2,2,0.05,20,600,1,1800,15,295,50,0,0,0,0,2000,0,True,True,True,True
0,1000,1000,2,2,0.05,20,600,1,1800,16,314,49,0,0,0,0,2000,0,True,True,True,True
0,1000,1000,2,2,0.05,20,600,1,1800,17,292,55,0,0,0,0,2000,0,True,True,True,True
0,1000,1000,2,2,0.05,20,600,1,1800,18,283,83,0,0,0,0,2000,0,True,True,True,True
0,1000,1000,2,2,0.05,20,600,1,1800,19,289,49,0,0,0,0,2000,0,True,True,True,True
0,1000,1000,2,2,0.05,20,600,2,1800,0,293,100,0,0,0,0,2000,0,True,True,True,True
0,1000,1000,2,2,0.05,20,600,2,1800,1,302,51,0,0,0,0,2000,0,True,True,True,True
0,1000,1000,2,2,0.05,20,600,2,1800,2,299,98,0,0,0,0,2000,0,True,True,True,True
0,1000,1000,2,2,0.05,20,600,2,1800,3,308,57,0,0,0,0,2000,0,True,True,True,True
0,1000,1000,2,2,0.05,20,600,2,1800,4,299,50,0,0,0,0,2000,0,True,True,True,True
0,1000,1000,2,2,0.05,20,600,2,1800,5,297,84,0,0,0,0,2000,0,True,True,True,True
0,1000,1000,2,2,0.05,20,600,2,1800,6,297,87,0,0,0,0,2000,0,True,True,True,True
0,1000,1000,2,2,0.05,20,600,2,1800,7,293,78,0,0,0,0,2000,0,True,True,True,True
0,1000,1000,2,2,0.05,20,600,2,1800,8,312,76,0,0,0,0,2000,0,True,True,True,True
0,1000,1000,2,2,0.05,20,600,2,1800,9,301,71,0,0,0,0,2000,0,True,True,True,True
0,1000,1000,2,2,0.05,20,600,2,1800,10,292,68,0,0,0,0,2000,0,True,True,True,True
0,1000,1000,2,2,0.05,20,600,2,1800,11,288,75,0,0,0,0,2000,0,True,True,True,True
0,1000,1000,2,2,0.05,20,600,2,1800,12,294,52,0,0,0,0,2000,0,True,True,True,True
0,1000,1000,2,2,0.05,20,600,2,1800,13,296,86,0,0,0,0,2000,0,True,True,True,True
0,1000,1000,2,2,0.05,20,600,2,1800,14,290,77,0,0,0,0,2000,0,True,True,True,True
0,1000,1000,2,2,0.05,20,600,2,1800,15,295,50,0,0,0,0,2000,0,True,True,True,True
0,1000,1000,2,2,0.05,20,600,2,1800,16,314,49,0,0,0,0,2000,0,True,True,True,True
0,1000,1000,2,2,0.05,20,600,2,1800,17,292,55,0,0,0,0,2000,0,True,True,True,True
0,1000,1000,2,2,0.05,20,600,2,1800,18,283,83,0,0,0,0,2000,0,True,True,True,True
0,1000,1000,2,2,0.05,20,600,2,1800,19,289,49,0,0,0,0,2000,0,True,True,True,True
0,1000,1000,2,2,0.5,20,600,1,1800,0,308,3272,0,0,0,0,2000,0,True,True,True,True
0,1000,1000,2,2,0.5,20,600,1,1800,1,322,3379,0,0,0,0,2000,0,True,True,True,True
0,1000,1000,2,2,0.5,20,600,1,1800,2,305,3319,0,0,0,0,2000,0,True,True,True,True
0,1000,1000,2,2,0.5,20,600,1,1800,3,291,3441,0,0,0,0,2000,0,True,True,True,True
0,1000,1000,2,2,0.5,20,600,1,1800,4,308,3324,0,0,0,0,2000,0,True,True,True,True
0,1000,1000,2,2,0.5,20,600,1,1800,5,302,3246,0,0,0,0,2000,0,True,True,True,True
0,1000,1000,2,2,0.5,20,600,1,1800,6,309,3331,0,0,0,0,2000,0,True,True,True,True
0,1000,1000,2,2,0.5,20,600,1,1800,7,307,3369,0,0,0,0,2000,0,True,True,True,True
0,1000,1000,2,2,0.5,20,600,1,1800,8,316,3282,0,0,0,0,2000,0,True,True,True,True
0,1000,1000,2,2,0.5,20,600,1,1800,9,305,3351,0,0,0,0,2000,0,True,True,True,True
0,1000,1000,2,2,0.5,20,600,1,1800,10,294,3323,0,0,0,0,2000,0,True,True,True,True
0,1000,1000,2,2,0.5,20,600,1,1800,11,288,3347,0,0,0,0,2000,0,True,True,True,True
0,1000,1000,2,2,0.5,20,600,1,1800,12,297,3290,0,0,0,0,2000,0,True,True,True,True
0,1000,1000,2,2,0.5,20,600,1,1800,13,297,3327,0,0,0,0,2000,0,True,True,True,True
0,1000,1000,2,2,0.5,20,600,1,1800,14,302,3393,0,0,0,0,2000,0,True,True,True,True
0,1000,1000,2,2,0.5,20,600,1,1800,15,304,3354,0,0,0,0,2000,0,True,True,True,True
0,1000,1000,2,2,0.5,20,600,1,1800,16,323,3353,0,0,0,0,2000,0,True,True,True,True
0,1000,1000,2,2,0.5,20,600,1,1800,17,294,3301,0,0,0,0,2000,0,True,True,True,True
0,1000,1000,2,2,0.5,20,600,1,1800,18,301,3298,0,0,0,0,2000,0,True,True,True,True
0,1000,1000,2,2,0.5,20,600,1,1800,19,302,3356,0,0,0,0,2000,0,True,True,True,True
0,1000,1000,2,2,0.5,20,600,2,1800,0,308,3272,0,0,0,0,2000,0,True,True,True,True
0,1000,1000,2,2,0.5,20,600,2,1800,1,322,3379,0,0,0,0,2000,0,True,True,True,True
0,1000,1000,2,2,0.5,20,600,2,1800,2,305,3319,0,0,0,0,2000,0,True,True,True,True
0,1000,1000,2,2,0.5,20,600,2,1800,3,291,3441,0,0,0,0,2000,0,True,True,True,True
0,1000,1000,2,2,0.5,20,600,2,1800,4,308,3324,0,0,0,0,2000,0,True,True,True,True
0,1000,1000,2,2,0.5,20,600,2,1800,5,302,3246,0,0,0,0,2000,0,True,True,True,True
0,1000,1000,2,2,0.5,20,600,2,1800,6,309,3331,0,0,0,0,2000,0,True,True,True,True
0,1000,1000,2,2,0.5,20,600,2,1800,7,307,3369,0,0,0,0,2000,0,True,True,True,True
0,1000,1000,2,2,0.5,20,600,2,1800,8,316,3282,0,0,0,0,2000,0,True,True,True,True
0,1000,1000,2,2,0.5,20,600,2,1800,9,305,3351,0,0,0,0,2000,0,True,True,True,True
0,1000,1000,2,2,0.5,20,600,2,1800,10,294,3323,0,0,0,0,2000,0,True,True,True,True
0,1000,1000,2,2,0.5,20,600,2,1800,11,288,3347,0,0,0,0,2000,0,True,True,True,True
0,1000,1000,2,2,0.5,20,600,2,1800,12,297,3290,0,0,0,0,2000,0,True,True,True,True
0,1000,1000,2,2,0.5,20,600,2,1800,13,297,3327,0,0,0,0,2000,0,True,True,True,True
0,1000,1000,2,2,0.5,20,600,2,1800,14,302,3393,0,0,0,0,2000,0,True,True,True,True
0,1000,1000,2,2,0.5,20,600,2,1800,15,304,3354,0,0,0,0,2000,0,True,True,True,True
0,1000,1000,2,2,0.5,20,600,2,1800,16,323,3353,0,0,0,0,2000,0,True,True,True,True
0,1000,1000,2,2,0.5,20,600,2,1800,17,294,3301,0,0,0,0,2000,0,True,True,True,True
0,1000,1000,2,2,0.5,20,600,2,1800,18,301,3298,0,0,0,0,2000,0,True,True,True,True
0,1000,1000,2,2,0.5,20,600,2,1800,19,302,3356,0,0,0,0,2000,0,True,True,True,True
0,1000,1000,1,4,0.05,20,600,1,1800,0,300,188,0,0,0,0,4000,0,True,True,True,True
0,1000,1000,1,4,0.05,20,600,1,1800,1,311,132,0,0,0,0,4000,0,True,True,True,True
0,1000,1000,1,4,0.05,20,600,1,1800,2,305,187,0,0,0,0,4000,0,True,True,True,True
0,1000,1000,1,4,0.05,20,600,1,1800,3,307,146,0,0,0,0,4000,0,True,True,True,True
0,1000,1000,1,4,0.05,20,600,1,1800,4,302,139,0,0,0,0,4000,0,True,True,True,True
0,1000,1000,1,4,0.05,20,600,1,1800,5,297,191,0,0,0,0,4000,0,True,True,True,True
0,1000,1000,1,4,0.05,20,600,1,1800,6,298,175,0,0,0,0,4000,0,True,True,True,True
0,1000,1000,1,4,0.05,20,600,1,1800,7,300,172,0,0,0,0,4000,0,True,True,True,True
0,1000,1000,1,4,0.05,20,600,1,1800,8,315,165,0,0,0,0,4000,0,True,True,True,True
0,1000,1000,1,4,0.05,20,600,1,1800,9,309,144,0,0,0,0,4000,0,True,True,True,True
0,1000,1000,1,4,0.05,20,600,1,1800,10,293,153,0,0,0,0,4000,0,True,True,True,True
0,1000,1000,1,4,0.05,20,600,1,1800,11,274,166,0,0,0,0,4000,0,True,True,True,True
0,1000,1000,1,4,0.05,20,600,1,1800,12,294,130,0,0,0,0,4000,0,True,True,True,True
0,1000,1000,1,4,0.05,20,600,1,1800,13,294,185,0,0,0,0,4000,0,True,True,True,True
0,1000,1000,1,4,0.05,20,600,1,1800,14,283,165,0,0,0,0,4000,0,True,True,True,True
0,1000,1000,1,4,0.05,20,600,1,1800,15,302,121,0,0,0,0,4000,0,True,True,True,True
0,1000,1000,1,4,0.05,20,600,1,1800,16,318,130,0,0,0,0,4000,0,True,True,True,True
0,1000,1000,1,4,0.05,20,600,1,1800,17,294,152,0,0,0,0,4000,0,True,True,True,True
0,1000,1000,1,4,0.05,20,600,1,1800,18,296,151,0,0,0,0,4000,0,True,True,True,True
0,1000,1000,1,4,0.05,20,600,1,1800,19,289,130,0,0,0,0,4000,0,True,True,True,True
0,1000,1000,1,4,0.05,20,600,2,1800,0,300,188,0,0,0,0,4000,0,True,True,True,True
0,1000,1000,1,4,0.05,20,600,2,1800,1,311,132,0,0,0,0,4000,0,True,True,True,True
0,1000,1000,1,4,0.05,20,600,2,1800,2,305,187,0,0,0,0,4000,0,True,True,True,True
0,1000,1000,1,4,0.05,20,600,2,1800,3,307,146,0,0,0,0,4000,0,True,True,True,True
0,1000,1000,1,4,0.05,20,600,2,1800,4,302,139,0,0,0,0,4000,0,True,True,True,True
0,1000,1000,1,4,0.05,20,600,2,1800,5,297,191,0,0,0,0,4000,0,True,True,True,True
0,1000,1000,1,4,0.05,20,600,2,1800,6,298,175,0,0,0,0,4000,0,True,True,True,True
0,1000,1000,1,4,0.05,20,600,2,1800,7,300,172,0,0,0,0,4000,0,True,True,True,True
0,1000,1000,1,4,0.05,20,600,2,1800,8,315,165,0,0,0,0,4000,0,True,True,True,True
0,1000,1000,1,4,0.05,20,600,2,1800,9,309,144,0,0,0,0,4000,0,True,True,True,True
0,1000,1000,1,4,0.05,20,600,2,1800,10,293,153,0,0,0,0,4000,0,True,True,True,True
0,1000,1000,1,4,0.05,20,600,2,1800,11,274,166,0,0,0,0,4000,0,True,True,True,True
0,1000,1000,1,4,0.05,20,600,2,1800,12,294,130,0,0,0,0,4000,0,True,True,True,True
0,1000,1000,1,4,0.05,20,600,2,1800,13,294,185,0,0,0,0,4000,0,True,True,True,True
0,1000,1000,1,4,0.05,20,600,2,1800,14,283,165,0,0,0,0,4000,0,True,True,True,True
0,1000,1000,1,4,0.05,20,600,2,1800,15,302,121,0,0,0,0,4000,0,True,True,True,True
0,1000,1000,1,4,0.05,20,600,2,1800,16,318,130,0,0,0,0,4000,0,True,True,True,True
0,1000,1000,1,4,0.05,20,600,2,1800,17,294,152,0,0,0,0,4000,0,True,True,True,True
0,1000,1000,1,4,0.05,20,600,2,1800,18,296,151,0,0,0,0,4000,0,True,True,True,True
0,1000,1000,1,4,0.05,20,600,2,1800,19,289,130,0,0,0,0,4000,0,True,True,True,True
0,1000,1000,1,4,0.5,20,600,1,1800,0,307,4128,0,0,0,0,4000,0,True,True,True,True
0,1000,1000,1,4,0.5,20,600,1,1800,1,308,4267,0,0,0,0,4000,0,True,True,True,True
0,1000,1000,1,4,0.5,20,600,1,1800,2,307,4222,0,0,0,0,4000,0,True,True,True,True
0,1000,1000,1,4,0.5,20,600,1,1800,3,305,4309,0,0,0,0,4000,0,True,True,True,True
0,1000,1000,1,4,0.5,20,600,1,1800,4,292,4245,0,0,0,0,4000,0,True,True,True,True
0,1000,1000,1,4,0.5,20,600,1,1800,5,307,4143,0,0,0,0,4000,0,True,True,True,True
0,1000,1000,1,4,0.5,20,600,1,1800,6,292,4220,0,0,0,0,4000,0,True,True,True,True
0,1000,1000,1,4,0.5,20,600,1,1800,7,299,4288,0,0,0,0,4000,0,True,True,True,True
0,1000,1000,1,4,0.5,20,600,1,1800,8,327,4208,0,0,0,0,4000,0,True,True,True,True
0,1000,1000,1,4,0.5,20,600,1,1800,9,314,4246,0,0,0,0,4000,0,True,True,True,True
0,1000,1000,1,4,0.5,20,600,1,1800,10,283,4223,0,0,0,0,4000,0,True,True,True,True
0,1000,1000,1,4,0.5,20,600,1,1800,11,300,4243,0,0,0,0,4000,0,True,True,True,True
0,1000,1000,1,4,0.5,20,600,1,1800,12,288,4212,0,0,0,0,4000,0,True,True,True,True
0,1000,1000,1,4,0.5,20,600,1,1800,13,298,4198,0,0,0,0,4000,0,True,True,True,True
0,1000,1000,1,4,0.5,20,600,1,1800,14,300,4316,0,0,0,0,4000,0,True,True,True,True
0,1000,1000,1,4,0.5,20,600,1,1800,15,309,4259,0,0,0,0,4000,0,True,True,True,True
0,1000,1000,1,4,0.5,20,600,1,1800,16,320,4284,0,0,0,0,4000,0,True,True,True,True
0,1000,1000,1,4,0.5,20,600,1,1800,17,295,4238,0,0,0,0,4000,0,True,True,True,True
0,1000,1000,1,4,0.5,20,600,1,1800,18,298,4206,0,0,0,0,4000,0,True,True,True,True
0,1000,1000,1,4,0.5,20,600,1,1800,19,300,4260,0,0,0,0,4000,0,True,True,True,True
0,1000,1000,1,4,0.5,20,600,2,1800,0,307,4128,0,0,0,0,4000,0,True,True,True,True
0,1000,1000,1,4,0.5,20,600,2,1800,1,308,4267,0,0,0,0,4000,0,True,True,True,True
0,1000,1000,1,4,0.5,20,600,2,1800,2,307,4222,0,0,0,0,4000,0,True,True,True,True
0,1000,1000,1,4,0.5,20,600,2,1800,3,305,4309,0,0,0,0,4000,0,True,True,True,True
0,1000,1000,1,4,0.5,20,600,2,1800,4,292,4245,0,0,0,0,4000,0,True,True,True,True
0,1000,1000,1,4,0.5,20,600,2,1800,5,307,4143,0,0,0,0,4000,0,True,True,True,True
0,1000,1000,1,4,0.5,20,600,2,1800,6,292,4220,0,0,0,0,4000,0,True,True,True,True
0,1000,1000,1,4,0.5,20,600,2,1800,7,299,4288,0,0,0,0,4000,0,True,True,True,True
0,1000,1000,1,4,0.5,20,600,2,1800,8,327,4208,0,0,0,0,4000,0,True,True,True,True
0,1000,1000,1,4,0.5,20,600,2,1800,9,314,4246,0,0,0,0,4000,0,True,True,True,True
0,1000,1000,1,4,0.5,20,600,2,1800,10,283,4223,0,0,0,0,4000,0,True,True,True,True
0,1000,1000,1,4,0.5,20,600,2,1800,11,300,4243,0,0,0,0,4000,0,True,True,True,True
0,1000,1000,1,4,0.5,20,600,2,1800,12,288,4212,0,0,0,0,4000,0,True,True,True,True
0,1000,1000,1,4,0.5,20,600,2,1800,13,298,4198,0,0,0,0,4000,0,True,True,True,True
0,1000,1000,1,4,0.5,20,600,2,1800,14,300,4316,0,0,0,0,4000,0,True,True,True,True
0,1000,1000,1,4,0.5,20,600,2,1800,15,309,4259,0,0,0,0,4000,0,True,True,True,True
0,1000,1000,1,4,0.5,20,600,2,1800,16,320,4284,0,0,0,0,4000,0,True,True,True,True
0,1000,1000,1,4,0.5,20,600,2,1800,17,295,4238,0,0,0,0,4000,0,True,True,True,True
0,1000,1000,1,4,0.5,20,600,2,1800,18,298,4206,0,0,0,0,4000,0,True,True,True,True
0,1000,1000,1,4,0.5,20,600,2,1800,19,300,4260,0,0,0,0,4000,0,True,True,True,True
1,1000,300,2,2,0.05,20,600,1,1800,0,298,95,0,0,0,35,600,0,True,True,True,True
1,1000,300,2,2,0.05,20,600,1,1800,1,299,54,0,0,0,31,600,0,True,True,True,True
1,1000,300,2,2,0.05,20,600,1,1800,2,306,91,0,0,0,28,600,0,True,True,True,True
1,1000,300,2,2,0.05,20,600,1,1800,3,303,62,8,28,27,27,600,0,True,True,True,True
1,1000,300,2,2,0.05,20,600,1,1800,4,287,62,0,0,0,36,600,0,True,True,True,True
1,1000,300,2,2,0.05,20,600,1,1800,5,292,89,0,0,0,36,600,0,True,True,True,True
1,1000,300,2,2,0.05,20,600,1,1800,6,303,81,0,0,0,36,600,0,True,True,True,True
1,1000,300,2,2,0.05,20,600,1,1800,7,296,75,2,11,10,24,600,0,True,True,True,True
1,1000,300,2,2,0.05,20,600,1,1800,8,309,79,0,0,0,27,600,0,True,True,True,True
1,1000,300,2,2,0.05,20,600,1,1800,9,297,75,0,0,0,25,600,0,True,True,True,True
1,1000,300,2,2,0.05,20,600,1,1800,10,287,73,0,0,0,30,600,0,True,True,True,True
1,1000,300,2,2,0.05,20,600,1,1800,11,292,71,0,0,0,29,600,0,True,True,True,True
1,1000,300,2,2,0.05,20,600,1,1800,12,284,62,0,0,0,27,600,0,True,True,True,True
1,1000,300,2,2,0.05,20,600,1,1800,13,292,90,0,0,0,40,600,0,True,True,True,True
1,1000,300,2,2,0.05,20,600,1,1800,14,285,82,0,0,0,29,600,0,True,True,True,True
1,1000,300,2,2,0.05,20,600,1,1800,15,292,53,0,0,0,31,600,0,True,True,True,True
1,1000,300,2,2,0.05,20,600,1,1800,16,313,50,0,0,0,21,600,0,True,True,True,True
1,1000,300,2,2,0.05,20,600,1,1800,17,283,64,13,8,7,34,600,0,True,True,True,True
1,1000,300,2,2,0.05,20,600,1,1800,18,287,79,0,0,0,38,600,0,True,True,True,True
1,1000,300,2,2,0.05,20,600,1,1800,19,278,60,7,14,13,34,600,0,True,True,True,True
1,1000,300,2,2,0.05,20,600,2,1800,0,298,95,0,0,0,35,600,0,True,True,True,True
1,1000,300,2,2,0.05,20,600,2,1800,1,299,54,0,0,0,31,600,0,True,True,True,True
1,1000,300,2,2,0.05,20,600,2,1800,2,306,91,0,0,0,28,600,0,True,True,True,True
1,1000,300,2,2,0.05,20,600,2,1800,3,303,62,8,28,27,27,600,0,True,True,True,True
1,1000,300,2,2,0.05,20,600,2,1800,4,287,62,0,0,0,36,600,0,True,True,True,True
1,1000,300,2,2,0.05,20,600,2,1800,5,292,89,0,0,0,36,600,0,True,True,True,True
1,1000,300,2,2,0.05,20,600,2,1800,6,303,81,0,0,0,36,600,0,True,True,True,True
1,1000,300,2,2,0.05,20,600,2,1800,7,296,75,2,11,10,24,600,0,True,True,True,True
1,1000,300,2,2,0.05,20,600,2,1800,8,309,79,0,0,0,27,600,0,True,True,True,True
1,1000,300,2,2,0.05,20,600,2,1800,9,297,75,0,0,0,25,600,0,True,True,True,True
1,1000,300,2,2,0.05,20,600,2,1800,10,287,73,0,0,0,30,600,0,True,True,True,True
1,1000,300,2,2,0.05,20,600,2,1800,11,292,71,0,0,0,29,600,0,True,True,True,True
1,1000,300,2,2,0.05,20,600,2,1800,12,284,62,0,0,0,27,600,0,True,True,True,True
1,1000,300,2,2,0.05,20,600,2,1800,13,292,90,0,0,0,40,600,0,True,True,True,True
1,1000,300,2,2,0.05,20,600,2,1800,14,285,82,0,0,0,29,600,0,True,True,True,True
1,1000,300,2,2,0.05,20,600,2,1800,15,292,53,0,0,0,31,600,0,True,True,True,True
1,1000,300,2,2,0.05,20,600,2,1800,16,313,50,0,0,0,21,600,0,True,True,True,True
1,1000,300,2,2,0.05,20,600,2,1800,17,283,64,13,8,7,34,600,0,True,True,True,True
1,1000,300,2,2,0.05,20,600,2,1800,18,287,79,0,0,0,38,600,0,True,True,True,True
1,1000,300,2,2,0.05,20,600,2,1800,19,278,60,7,14,13,34,600,0,True,True,True,True
1,1000,300,2,2,0.5,20,600,1,1800,0,311,3269,2,528,527,35,600,0,True,True,True,True
1,1000,300,2,2,0.5,20,600,1,1800,1,326,3375,1,26,25,36,600,0,True,True,True,True
1,1000,300,2,2,0.5,20,600,1,1800,2,305,3319,8,551,550,36,600,0,True,True,True,True
1,1000,300,2,2,0.5,20,600,1,1800,3,295,3437,10,537,536,38,600,0,True,True,True,True
1,1000,300,2,2,0.5,20,600,1,1800,4,308,3324,17,1081,1079,38,600,0,True,True,True,True
1,1000,300,2,2,0.5,20,600,1,1800,5,297,3251,5,556,555,39,600,0,True,True,True,True
1,1000,300,2,2,0.5,20,600,1,1800,6,306,3334,1,557,556,39,600,0,True,True,True,True
1,1000,300,2,2,0.5,20,600,1,1800,7,307,3369,2,524,523,39,600,0,True,True,True,True
1,1000,300,2,2,0.5,20,600,1,1800,8,313,3285,1,1074,1072,39,600,0,True,True,True,True
1,1000,300,2,2,0.5,20,600,1,1800,9,302,3354,1,548,547,40,600,0,True,True,True,True
1,1000,300,2,2,0.5,20,600,1,1800,10,292,3325,11,542,541,39,600,0,True,True,True,True
1,1000,300,2,2,0.5,20,600,1,1800,11,283,3352,5,561,560,38,600,0,True,True,True,True
1,1000,300,2,2,0.5,20,600,1,1800,12,291,3296,14,1085,1083,40,600,0,True,True,True,True
1,1000,300,2,2,0.5,20,600,1,1800,13,294,3330,11,543,542,39,600,0,True,True,True,True
1,1000,300,2,2,0.5,20,600,1,1800,14,304,3391,3,557,556,37,600,0,True,True,True,True
1,1000,300,2,2,0.5,20,600,1,1800,15,302,3356,3,558,557,37,600,0,True,True,True,True
1,1000,300,2,2,0.5,20,600,1,1800,16,322,3354,0,0,0,32,600,0,True,True,True,True
1,1000,300,2,2,0.5,20,600,1,1800,17,295,3300,5,551,550,40,600,0,True,True,True,True
1,1000,300,2,2,0.5,20,600,1,1800,18,296,3303,9,1094,1092,38,600,0,True,True,True,True
1,1000,300,2,2,0.5,20,600,1,1800,19,300,3358,10,550,549,38,600,0,True,True,True,True
1,1000,300,2,2,0.5,20,600,2,1800,0,311,3269,2,528,527,35,600,0,True,True,True,True
1,1000,300,2,2,0.5,20,600,2,1800,1,326,3375,1,26,25,36,600,0,True,True,True,True
1,1000,300,2,2,0.5,20,600,2,1800,2,305,3319,8,551,550,36,600,0,True,True,True,True
1,1000,300,2,2,0.5,20,600,2,1800,3,295,3437,10,537,536,38,600,0,True,True,True,True
1,1000,300,2,2,0.5,20,600,2,1800,4,308,3324,17,1081,1079,38,600,0,True,True,True,True
1,1000,300,2,2,0.5,20,600,2,1800,5,297,3251,5,556,555,39,600,0,True,True,True,True
1,1000,300,2,2,0.5,20,600,2,1800,6,306,3334,1,557,556,39,600,0,True,True,True,True
1,1000,300,2,2,0.5,20,600,2,1800,7,307,3369,2,524,523,39,600,0,True,True,True,True
1,1000,300,2,2,0.5,20,600,2,1800,8,313,3285,1,1074,1072,39,600,0,True,True,True,True
1,1000,300,2,2,0.5,20,600,2,1800,9,302,3354,1,548,547,40,600,0,True,True,True,True
1,1000,300,2,2,0.5,20,600,2,1800,10,292,3325,11,542,541,39,600,0,True,True,True,True
1,1000,300,2,2,0.5,20,600,2,1800,11,283,3352,5,561,560,38,600,0,True,True,True,True
1,1000,300,2,2,0.5,20,600,2,1800,12,291,3296,14,1085,1083,40,600,0,True,True,True,True
1,1000,300,2,2,0.5,20,600,2,1800,13,294,3330,11,543,542,39,600,0,True,True,True,True
1,1000,300,2,2,0.5,20,600,2,1800,14,304,3391,3,557,556,37,600,0,True,True,True,True
1,1000,300,2,2,0.5,20,600,2,1800,15,302,3356,3,558,557,37,600,0,True,True,True,True
1,1000,300,2,2,0.5,20,600,2,1800,16,322,3354,0,0,0,32,600,0,True,True,True,True
1,1000,300,2,2,0.5,20,600,2,1800,17,295,3300,5,551,550,40,600,0,True,True,True,True
1,1000,300,2,2,0.5,20,600,2,1800,18,296,3303,9,1094,1092,38,600,0,True,True,True,True
1,1000,300,2,2,0.5,20,600,2,1800,19,300,3358,10,550,549,38,600,0,True,True,True,True
1,1000,300,1,4,0.05,20,600,1,1800,0,311,177,7,20,18,31,1200,0,True,True,True,True
1,1000,300,1,4,0.05,20,600,1,1800,1,313,130,0,0,0,35,1200,0,True,True,True,True
1,1000,300,1,4,0.05,20,600,1,1800,2,307,185,0,0,0,34,1200,0,True,True,True,True
1,1000,300,1,4,0.05,20,600,1,1800,3,308,145,0,0,0,34,1200,0,True,True,True,True
1,1000,300,1,4,0.05,20,600,1,1800,4,310,131,0,0,0,31,1200,0,True,True,True,True
1,1000,300,1,4,0.05,20,600,1,1800,5,300,188,15,9,8,30,1200,0,True,True,True,True
1,1000,300,1,4,0.05,20,600,1,1800,6,304,169,0,0,0,26,1200,0,True,True,True,True
1,1000,300,1,4,0.05,20,600,1,1800,7,310,162,0,0,0,35,1200,0,True,True,True,True
1,1000,300,1,4,0.05,20,600,1,1800,8,310,170,0,0,0,37,1200,0,True,True,True,True
1,1000,300,1,4,0.05,20,600,1,1800,9,310,143,11,25,24,33,1200,0,True,True,True,True
1,1000,300,1,4,0.05,20,600,1,1800,10,298,148,0,0,0,31,1200,0,True,True,True,True
1,1000,300,1,4,0.05,20,600,1,1800,11,279,161,0,0,0,41,1200,0,True,True,True,True
1,1000,300,1,4,0.05,20,600,1,1800,12,295,129,0,0,0,30,1200,0,True,True,True,True
1,1000,300,1,4,0.05,20,600,1,1800,13,300,179,0,0,0,40,1200,0,True,True,True,True
1,1000,300,1,4,0.05,20,600,1,1800,14,282,166,0,0,0,36,1200,0,True,True,True,True
1,1000,300,1,4,0.05,20,600,1,1800,15,300,123,0,0,0,33,1200,0,True,True,True,True
1,1000,300,1,4,0.05,20,600,1,1800,16,323,125,3,7,6,37,1200,0,True,True,True,True
1,1000,300,1,4,0.05,20,600,1,1800,17,302,144,0,0,0,40,1200,0,True,True,True,True
1,1000,300,1,4,0.05,20,600,1,1800,18,300,147,0,0,0,31,1200,0,True,True,True,True
1,1000,300,1,4,0.05,20,600,1,1800,19,299,120,0,0,0,29,1200,0,True,True,True,True
1,1000,300,1,4,0.05,20,600,2,1800,0,311,177,7,20,18,31,1200,0,True,True,True,True
1,1000,300,1,4,0.05,20,600,2,1800,1,313,130,0,0,0,35,1200,0,True,True,True,True
1,1000,300,1,4,0.05,20,600,2,1800,2,307,185,0,0,0,34,1200,0,True,True,True,True
1,1000,300,1,4,0.05,20,600,2,1800,3,308,145,0,0,0,34,1200,0,True,True,True,True
1,1000,300,1,4,0.05,20,600,2,1800,4,310,131,0,0,0,31,1200,0,True,True,True,True
1,1000,300,1,4,0.05,20,600,2,1800,5,300,188,15,9,8,30,1200,0,True,True,True,True
1,1000,300,1,4,0.05,20,600,2,1800,6,304,169,0,0,0,26,1200,0,True,True,True,True
1,1000,300,1,4,0.05,20,600,2,1800,7,310,162,0,0,0,35,1200,0,True,True,True,True
1,1000,300,1,4,0.05,20,600,2,1800,8,310,170,0,0,0,37,1200,0,True,True,True,True
1,1000,300,1,4,0.05,20,600,2,1800,9,310,143,11,25,24,33,1200,0,True,True,True,True
1,1000,300,1,4,0.05,20,600,2,1800,10,298,148,0,0,0,31,1200,0,True,True,True,True
1,1000,300,1,4,0.05,20,600,2,1800,11,279,161,0,0,0,41,1200,0,True,True,True,True
1,1000,300,1,4,0.05,20,600,2,1800,12,295,129,0,0,0,30,1200,0,True,True,True,True
1,1000,300,1,4,0.05,20,600,2,1800,13,300,179,0,0,0,40,1200,0,True,True,True,True
1,1000,300,1,4,0.05,20,600,2,1800,14,282,166,0,0,0,36,1200,0,True,True,True,True
1,1000,300,1,4,0.05,20,600,2,1800,15,300,123,0,0,0,33,1200,0,True,True,True,True
1,1000,300,1,4,0.05,20,600,2,1800,16,323,125,3,7,6,37,1200,0,True,True,True,True
1,1000,300,1,4,0.05,20,600,2,1800,17,302,144,0,0,0,40,1200,0,True,True,True,True
1,1000,300,1,4,0.05,20,600,2,1800,18,300,147,0,0,0,31,1200,0,True,True,True,True
1,1000,300,1,4,0.05,20,600,2,1800,19,299,120,0,0,0,29,1200,0,True,True,True,True
1,1000,300,1,4,0.5,20,600,1,1800,0,306,4129,0,0,0,64,1200,0,True,True,True,True
1,1000,300,1,4,0.5,20,600,1,1800,1,307,4268,2,549,548,56,1200,0,True,True,True,True
1,1000,300,1,4,0.5,20,600,1,1800,2,307,4222,0,0,0,62,1200,0,True,True,True,True
1,1000,300,1,4,0.5,20,600,1,1800,3,304,4310,2,568,567,59,1200,0,True,True,True,True
1,1000,300,1,4,0.5,20,600,1,1800,4,291,4246,3,555,554,58,1200,0,True,True,True,True
1,1000,300,1,4,0.5,20,600,1,1800,5,305,4145,5,565,564,57,1200,0,True,True,True,True
1,1000,300,1,4,0.5,20,600,1,1800,6,291,4221,10,566,565,59,1200,0,True,True,True,True
1,1000,300,1,4,0.5,20,600,1,1800,7,297,4290,4,566,565,56,1200,0,True,True,True,True
1,1000,300,1,4,0.5,20,600,1,1800,8,325,4210,1,562,561,58,1200,0,True,True,True,True
1,1000,300,1,4,0.5,20,600,1,1800,9,313,4247,1,546,545,50,1200,0,True,True,True,True
1,1000,300,1,4,0.5,20,600,1,1800,10,278,4228,2,566,565,65,1200,0,True,True,True,True
1,1000,300,1,4,0.5,20,600,1,1800,11,295,4248,4,1125,1123,65,1200,0,True,True,True,True
1,1000,300,1,4,0.5,20,600,1,1800,12,284,4216,9,549,548,57,1200,0,True,True,True,True
1,1000,300,1,4,0.5,20,600,1,1800,13,297,4199,12,558,557,57,1200,0,True,True,True,True
1,1000,300,1,4,0.5,20,600,1,1800,14,298,4318,7,549,548,50,1200,0,True,True,True,True
1,1000,300,1,4,0.5,20,600,1,1800,15,309,4259,0,0,0,62,1200,0,True,True,True,True
1,1000,300,1,4,0.5,20,600,1,1800,16,320,4284,0,0,0,52,1200,0,True,True,True,True
1,1000,300,1,4,0.5,20,600,1,1800,17,296,4237,8,553,552,53,1200,0,True,True,True,True
1,1000,300,1,4,0.5,20,600,1,1800,18,297,4207,4,564,563,63,1200,0,True,True,True,True
1,1000,300,1,4,0.5,20,600,1,1800,19,296,4264,17,1111,1109,54,1200,0,True,True,True,True
1,1000,300,1,4,0.5,20,600,2,1800,0,306,4129,0,0,0,64,1200,0,True,True,True,True
1,1000,300,1,4,0.5,20,600,2,1800,1,307,4268,2,549,548,56,1200,0,True,True,True,True
1,1000,300,1,4,0.5,20,600,2,1800,2,307,4222,0,0,0,62,1200,0,True,True,True,True
1,1000,300,1,4,0.5,20,600,2,1800,3,304,4310,2,568,567,59,1200,0,True,True,True,True
1,1000,300,1,4,0.5,20,600,2,1800,4,291,4246,3,555,554,58,1200,0,True,True,True,True
1,1000,300,1,4,0.5,20,600,2,1800,5,305,4145,5,565,564,57,1200,0,True,True,True,True
1,1000,300,1,4,0.5,20,600,2,1800,6,291,4221,10,566,565,59,1200,0,True,True,True,True
1,1000,300,1,4,0.5,20,600,2,1800,7,297,4290,4,566,565,56,1200,0,True,True,True,True
1,1000,300,1,4,0.5,20,600,2,1800,8,325,4210,1,562,561,58,1200,0,True,True,True,True
1,1000,300,1,4,0.5,20,600,2,1800,9,313,4247,1,546,545,50,1200,0,True,True,True,True
1,1000,300,1,4,0.5,20,600,2,1800,10,278,4228,2,566,565,65,1200,0,True,True,True,True
1,1000,300,1,4,0.5,20,600,2,1800,11,295,4248,4,1125,1123,65,1200,0,True,True,True,True
1,1000,300,1,4,0.5,20,600,2,1800,12,284,4216,9,549,548,57,1200,0,True,True,True,True
1,1000,300,1,4,0.5,20,600,2,1800,13,297,4199,12,558,557,57,1200,0,True,True,True,True
1,1000,300,1,4,0.5,20,600,2,1800,14,298,4318,7,549,548,50,1200,0,True,True,True,True
1,1000,300,1,4,0.5,20,600,2,1800,15,309,4259,0,0,0,62,1200,0,True,True,True,True
1,1000,300,1,4,0.5,20,600,2,1800,16,320,4284,0,0,0,52,1200,0,True,True,True,True
1,1000,300,1,4,0.5,20,600,2,1800,17,296,4237,8,553,552,53,1200,0,True,True,True,True
1,1000,300,1,4,0.5,20,600,2,1800,18,297,4207,4,564,563,63,1200,0,True,True,True,True
1,1000,300,1,4,0.5,20,600,2,1800,19,296,4264,17,1111,1109,54,1200,0,True,True,True,True
1,1000,1000,2,2,0.05,20,600,1,1800,0,295,98,5,4,3,35,2000,0,True,True,True,True
1,1000,1000,2,2,0.05,20,600,1,1800,1,302,51,0,0,0,31,2000,0,True,True,True,True
1,1000,1000,2,2,0.05,20,600,1,1800,2,297,100,9,2,1,30,2000,0,True,True,True,True
1,1000,1000,2,2,0.05,20,600,1,1800,3,308,57,0,0,0,27,2000,0,True,True,True,True
1,1000,1000,2,2,0.05,20,600,1,1800,4,299,50,1,6,5,36,2000,0,True,True,True,True
1,1000,1000,2,2,0.05,20,600,1,1800,5,297,84,4,129,127,36,2000,0,True,True,True,True
1,1000,1000,2,2,0.05,20,600,1,1800,6,295,89,6,8,7,36,2000,0,True,True,True,True
1,1000,1000,2,2,0.05,20,600,1,1800,7,295,76,10,52,47,24,2000,0,True,True,True,True
1,1000,1000,2,2,0.05,20,600,1,1800,8,309,79,5,8,6,27,2000,0,True,True,True,True
1,1000,1000,2,2,0.05,20,600,1,1800,9,302,70,7,7,5,33,2000,0,True,True,True,True
1,1000,1000,2,2,0.05,20,600,1,1800,10,292,68,0,0,0,30,2000,0,True,True,True,True
1,1000,1000,2,2,0.05,20,600,1,1800,11,288,75,0,0,0,29,2000,0,True,True,True,True
1,1000,1000,2,2,0.05,20,600,1,1800,12,294,52,0,0,0,29,2000,0,True,True,True,True
1,1000,1000,2,2,0.05,20,600,1,1800,13,296,86,0,0,0,40,2000,0,True,True,True,True
1,1000,1000,2,2,0.05,20,600,1,1800,14,290,77,0,0,0,29,2000,0,True,True,True,True
1,1000,1000,2,2,0.05,20,600,1,1800,15,295,50,0,0,0,31,2000,0,True,True,True,True
1,1000,1000,2,2,0.05,20,600,1,1800,16,310,53,5,10,8,22,2000,0,True,True,True,True
1,1000,1000,2,2,0.05,20,600,1,1800,17,292,55,0,0,0,34,2000,0,True,True,True,True
1,1000,1000,2,2,0.05,20,600,1,1800,18,283,83,0,0,0,38,2000,0,True,True,True,True
1,1000,1000,2,2,0.05,20,600,1,1800,19,289,49,0,0,0,34,2000,0,True,True,True,True
1,1000,1000,2,2,0.05,20,600,2,1800,0,295,98,5,4,3,35,2000,0,True,True,True,True
1,1000,1000,2,2,0.05,20,600,2,1800,1,302,51,0,0,0,31,2000,0,True,True,True,True
1,1000,1000,2,2,0.05,20,600,2,1800,2,297,100,9,2,1,30,2000,0,True,True,True,True
1,1000,1000,2,2,0.05,20,600,2,1800,3,308,57,0,0,0,27,2000,0,True,True,True,True
1,1000,1000,2,2,0.05,20,600,2,1800,4,299,50,1,6,5,36,2000,0,True,True,True,True
1,1000,1000,2,2,0.05,20,600,2,1800,5,297,84,4,129,127,36,2000,0,True,True,True,True
1,1000,1000,2,2,0.05,20,600,2,1800,6,295,89,6,8,7,36,2000,0,True,True,True,True
1,1000,1000,2,2,0.05,20,600,2,1800,7,295,76,10,52,47,24,2000,0,True,True,True,True
1,1000,1000,2,2,0.05,20,600,2,1800,8,309,79,5,8,6,27,2000,0,True,True,True,True
1,1000,1000,2,2,0.05,20,600,2,1800,9,302,70,7,7,5,33,2000,0,True,True,True,True
1,1000,1000,2,2,0.05,20,600,2,1800,10,292,68,0,0,0,30,2000,0,True,True,True,True
1,1000,1000,2,2,0.05,20,600,2,1800,11,288,75,0,0,0,29,2000,0,True,True,True,True
1,1000,1000,2,2,0.05,20,600,2,1800,12,294,52,0,0,0,29,2000,0,True,True,True,True
1,1000,1000,2,2,0.05,20,600,2,1800,13,296,86,0,0,0,40,2000,0,True,True,True,True
1,1000,1000,2,2,0.05,20,600,2,1800,14,290,77,0,0,0,29,2000,0,True,True,True,True
1,1000,1000,2,2,0.05,20,600,2,1800,15,295,50,0,0,0,31,2000,0,True,True,True,True
1,1000,1000,2,2,0.05,20,600,2,1800,16,310,53,5,10,8,22,2000,0,True,True,True,True
1,1000,1000,2,2,0.05,20,600,2,1800,17,292,55,0,0,0,34,2000,0,True,True,True,True
1,1000,1000,2,2,0.05,20,600,2,1800,18,283,83,0,0,0,38,2000,0,True,True,True,True
1,1000,1000,2,2,0.05,20,600,2,1800,19,289,49,0,0,0,34,2000,0,True,True,True,True
1,1000,1000,2,2,0.5,20,600,1,1800,0,304,3276,4,1089,1087,35,2000,0,True,True,True,True
1,1000,1000,2,2,0.5,20,600,1,1800,1,322,3379,1,12,11,36,2000,0,True,True,True,True
1,1000,1000,2,2,0.5,20,600,1,1800,2,303,3321,4,1082,1080,36,2000,0,True,True,True,True
1,1000,1000,2,2,0.5,20,600,1,1800,3,291,3441,0,0,0,38,2000,0,True,True,True,True
1,1000,1000,2,2,0.5,20,600,1,1800,4,308,3324,17,1081,1079,38,2000,0,True,True,True,True
1,1000,1000,2,2,0.5,20,600,1,1800,5,298,3250,5,556,555,39,2000,0,True,True,True,True
1,1000,1000,2,2,0.5,20,600,1,1800,6,307,3333,6,557,556,39,2000,0,True,True,True,True
1,1000,1000,2,2,0.5,20,600,1,1800,7,303,3373,9,1069,1067,39,2000,0,True,True,True,True
1,1000,1000,2,2,0.5,20,600,1,1800,8,311,3287,4,1089,1087,39,2000,0,True,True,True,True
1,1000,1000,2,2,0.5,20,600,1,1800,9,302,3354,1,548,547,40,2000,0,True,True,True,True
1,1000,1000,2,2,0.5,20,600,1,1800,10,292,3325,11,542,541,39,2000,0,True,True,True,True
1,1000,1000,2,2,0.5,20,600,1,1800,11,283,3352,2,1099,1097,38,2000,0,True,True,True,True
1,1000,1000,2,2,0.5,20,600,1,1800,12,290,3297,14,547,546,40,2000,0,True,True,True,True
1,1000,1000,2,2,0.5,20,600,1,1800,13,296,3328,2,532,531,39,2000,0,True,True,True,True
1,1000,1000,2,2,0.5,20,600,1,1800,14,303,3392,3,557,556,37,2000,0,True,True,True,True
1,1000,1000,2,2,0.5,20,600,1,1800,15,303,3355,3,558,557,37,2000,0,True,True,True,True
1,1000,1000,2,2,0.5,20,600,1,1800,16,323,3353,0,0,0,32,2000,0,True,True,True,True
1,1000,1000,2,2,0.5,20,600,1,1800,17,291,3304,7,546,545,40,2000,0,True,True,True,True
1,1000,1000,2,2,0.5,20,600,1,1800,18,296,3303,9,1094,1092,38,2000,0,True,True,True,True
1,1000,1000,2,2,0.5,20,600,1,1800,19,300,3358,6,1108,1106,38,2000,0,True,True,True,True
1,1000,1000,2,2,0.5,20,600,2,1800,0,304,3276,4,1089,1087,35,2000,0,True,True,True,True
1,1000,1000,2,2,0.5,20,600,2,1800,1,322,3379,1,12,11,36,2000,0,True,True,True,True
1,1000,1000,2,2,0.5,20,600,2,1800,2,303,3321,4,1082,1080,36,2000,0,True,True,True,True
1,1000,1000,2,2,0.5,20,600,2,1800,3,291,3441,0,0,0,38,2000,0,True,True,True,True
1,1000,1000,2,2,0.5,20,600,2,1800,4,308,3324,17,1081,1079,38,2000,0,True,True,True,True
1,1000,1000,2,2,0.5,20,600,2,1800,5,298,3250,5,556,555,39,2000,0,True,True,True,True
1,1000,1000,2,2,0.5,20,600,2,1800,6,307,3333,6,557,556,39,2000,0,True,True,True,True
1,1000,1000,2,2,0.5,20,600,2,1800,7,303,3373,9,1069,1067,39,2000,0,True,True,True,True
1,1000,1000,2,2,0.5,20,600,2,1800,8,311,3287,4,1089,1087,39,2000,0,True,True,True,True
1,1000,1000,2,2,0.5,20,600,2,1800,9,302,3354,1,548,547,40,2000,0,True,True,True,True
1,1000,1000,2,2,0.5,20,600,2,1800,10,292,3325,11,542,541,39,2000,0,True,True,True,True
1,1000,1000,2,2,0.5,20,600,2,1800,11,283,3352,2,1099,1097,38,2000,0,True,True,True,True
1,1000,1000,2,2,0.5,20,600,2,1800,12,290,3297,14,547,546,40,2000,0,True,True,True,True
1,1000,1000,2,2,0.5,20,600,2,1800,13,296,3328,2,532,531,39,2000,0,True,True,True,True
1,1000,1000,2,2,0.5,20,600,2,1800,14,303,3392,3,557,556,37,2000,0,True,True,True,True
1,1000,1000,2,2,0.5,20,600,2,1800,15,303,3355,3,558,557,37,2000,0,True,True,True,True
1,1000,1000,2,2,0.5,20,600,2,1800,16,323,3353,0,0,0,32,2000,0,True,True,True,True
1,1000,1000,2,2,0.5,20,600,2,1800,17,291,3304,7,546,545,40,2000,0,True,True,True,True
1,1000,1000,2,2,0.5,20,600,2,1800,18,296,3303,9,1094,1092,38,2000,0,True,True,True,True
1,1000,1000,2,2,0.5,20,600,2,1800,19,300,3358,6,1108,1106,38,2000,0,True,True,True,True
1,1000,1000,1,4,0.05,20,600,1,1800,0,300,188,7,19,18,31,4000,0,True,True,True,True
1,1000,1000,1,4,0.05,20,600,1,1800,1,312,131,4,2,1,32,4000,0,True,True,True,True
1,1000,1000,1,4,0.05,20,600,1,1800,2,302,190,1,145,144,34,4000,0,True,True,True,True
1,1000,1000,1,4,0.05,20,600,1,1800,3,307,146,0,0,0,34,4000,0,True,True,True,True
1,1000,1000,1,4,0.05,20,600,1,1800,4,302,139,0,0,0,27,4000,0,True,True,True,True
1,1000,1000,1,4,0.05,20,600,1,1800,5,297,191,16,12,9,30,4000,0,True,True,True,True
1,1000,1000,1,4,0.05,20,600,1,1800,6,297,176,5,11,9,26,4000,0,True,True,True,True
1,1000,1000,1,4,0.05,20,600,1,1800,7,299,173,4,4,3,40,4000,0,True,True,True,True
1,1000,1000,1,4,0.05,20,600,1,1800,8,315,165,0,0,0,37,4000,0,True,True,True,True
1,1000,1000,1,4,0.05,20,600,1,1800,9,308,145,4,10,7,33,4000,0,True,True,True,True
1,1000,1000,1,4,0.05,20,600,1,1800,10,293,153,1,2,1,31,4000,0,True,True,True,True
1,1000,1000,1,4,0.05,20,600,1,1800,11,274,166,5,8,6,41,4000,0,True,True,True,True
1,1000,1000,1,4,0.05,20,600,1,1800,12,294,130,0,0,0,30,4000,0,True,True,True,True
1,1000,1000,1,4,0.05,20,600,1,1800,13,294,185,0,0,0,40,4000,0,True,True,True,True
1,1000,1000,1,4,0.05,20,600,1,1800,14,283,165,0,0,0,36,4000,0,True,True,True,True
1,1000,1000,1,4,0.05,20,600,1,1800,15,302,121,0,0,0,33,4000,0,True,True,True,True
1,1000,1000,1,4,0.05,20,600,1,1800,16,319,129,5,16,14,37,4000,0,True,True,True,True
1,1000,1000,1,4,0.05,20,600,1,1800,17,295,151,11,15,14,40,4000,0,True,True,True,True
1,1000,1000,1,4,0.05,20,600,1,1800,18,295,152,2,4,3,31,4000,0,True,True,True,True
1,1000,1000,1,4,0.05,20,600,1,1800,19,289,130,2,7,6,34,4000,0,True,True,True,True
1,1000,1000,1,4,0.05,20,600,2,1800,0,300,188,7,19,18,31,4000,0,True,True,True,True
1,1000,1000,1,4,0.05,20,600,2,1800,1,312,131,4,2,1,32,4000,0,True,True,True,True
1,1000,1000,1,4,0.05,20,600,2,1800,2,302,190,1,145,144,34,4000,0,True,True,True,True
1,1000,1000,1,4,0.05,20,600,2,1800,3,307,146,0,0,0,34,4000,0,True,True,True,True
1,1000,1000,1,4,0.05,20,600,2,1800,4,302,139,0,0,0,27,4000,0,True,True,True,True
1,1000,1000,1,4,0.05,20,600,2,1800,5,297,191,16,12,9,30,4000,0,True,True,True,True
1,1000,1000,1,4,0.05,20,600,2,1800,6,297,176,5,11,9,26,4000,0,True,True,True,True
1,1000,1000,1,4,0.05,20,600,2,1800,7,299,173,4,4,3,40,4000,0,True,True,True,True
1,1000,1000,1,4,0.05,20,600,2,1800,8,315,165,0,0,0,37,4000,0,True,True,True,True
1,1000,1000,1,4,0.05,20,600,2,1800,9,308,145,4,10,7,33,4000,0,True,True,True,True
1,1000,1000,1,4,0.05,20,600,2,1800,10,293,153,1,2,1,31,4000,0,True,True,True,True
1,1000,1000,1,4,0.05,20,600,2,1800,11,274,166,5,8,6,41,4000,0,True,True,True,True
1,1000,1000,1,4,0.05,20,600,2,1800,12,294,130,0,0,0,30,4000,0,True,True,True,True
1,1000,1000,1,4,0.05,20,600,2,1800,13,294,185,0,0,0,40,4000,0,True,True,True,True
1,1000,1000,1,4,0.05,20,600,2,1800,14,283,165,0,0,0,36,4000,0,True,True,True,True
1,1000,1000,1,4,0.05,20,600,2,1800,15,302,121,0,0,0,33,4000,0,True,True,True,True
1,1000,1000,1,4,0.05,20,600,2,1800,16,319,129,5,16,14,37,4000,0,True,True,True,True
1,1000,1000,1,4,0.05,20,600,2,1800,17,295,151,11,15,14,40,4000,0,True,True,True,True
1,1000,1000,1,4,0.05,20,600,2,1800,18,295,152,2,4,3,31,4000,0,True,True,True,True
1,1000,1000,1,4,0.05,20,600,2,1800,19,289,130,2,7,6,34,4000,0,True,True,True,True
1,1000,1000,1,4,0.5,20,600,1,1800,0,307,4128,0,0,0,64,4000,0,True,True,True,True
1,1000,1000,1,4,0.5,20,600,1,1800,1,307,4268,2,549,548,56,4000,0,True,True,True,True
1,1000,1000,1,4,0.5,20,600,1,1800,2,307,4222,0,0,0,62,4000,0,True,True,True,True
1,1000,1000,1,4,0.5,20,600,1,1800,3,304,4310,2,568,567,59,4000,0,True,True,True,True
1,1000,1000,1,4,0.5,20,600,1,1800,4,291,4246,3,555,554,58,4000,0,True,True,True,True
1,1000,1000,1,4,0.5,20,600,1,1800,5,302,4148,6,1105,1103,57,4000,0,True,True,True,True
1,1000,1000,1,4,0.5,20,600,1,1800,6,291,4221,10,566,565,59,4000,0,True,True,True,True
1,1000,1000,1,4,0.5,20,600,1,1800,7,297,4290,4,566,565,56,4000,0,True,True,True,True
1,1000,1000,1,4,0.5,20,600,1,1800,8,325,4210,1,562,561,58,4000,0,True,True,True,True
1,1000,1000,1,4,0.5,20,600,1,1800,9,313,4247,1,546,545,50,4000,0,True,True,True,True
1,1000,1000,1,4,0.5,20,600,1,1800,10,278,4228,2,566,565,65,4000,0,True,True,True,True
1,1000,1000,1,4,0.5,20,600,1,1800,11,295,4248,4,1125,1123,65,4000,0,True,True,True,True
1,1000,1000,1,4,0.5,20,600,1,1800,12,284,4216,9,549,548,57,4000,0,True,True,True,True
1,1000,1000,1,4,0.5,20,600,1,1800,13,297,4199,12,558,557,57,4000,0,True,True,True,True
1,1000,1000,1,4,0.5,20,600,1,1800,14,298,4318,7,549,548,50,4000,0,True,True,True,True
1,1000,1000,1,4,0.5,20,600,1,1800,15,309,4259,0,0,0,62,4000,0,True,True,True,True
1,1000,1000,1,4,0.5,20,600,1,1800,16,320,4284,0,0,0,52,4000,0,True,True,True,True
1,1000,1000,1,4,0.5,20,600,1,1800,17,296,4237,8,553,552,53,4000,0,True,True,True,True
1,1000,1000,1,4,0.5,20,600,1,1800,18,297,4207,4,564,563,63,4000,0,True,True,True,True
1,1000,1000,1,4,0.5,20,600,1,1800,19,296,4264,17,1111,1109,54,4000,0,True,True,True,True
1,1000,1000,1,4,0.5,20,600,2,1800,0,307,4128,0,0,0,64,4000,0,True,True,True,True
1,1000,1000,1,4,0.5,20,600,2,1800,1,307,4268,2,549,548,56,4000,0,True,True,True,True
1,1000,1000,1,4,0.5,20,600,2,1800,2,307,4222,0,0,0,62,4000,0,True,True,True,True
1,1000,1000,1,4,0.5,20,600,2,1800,3,304,4310,2,568,567,59,4000,0,True,True,True,True
1,1000,1000,1,4,0.5,20,600,2,1800,4,291,4246,3,555,554,58,4000,0,True,True,True,True
1,1000,1000,1,4,0.5,20,600,2,1800,5,302,4148,6,1105,1103,57,4000,0,True,True,True,True
1,1000,1000,1,4,0.5,20,600,2,1800,6,291,4221,10,566,565,59,4000,0,True,True,True,True
1,1000,1000,1,4,0.5,20,600,2,1800,7,297,4290,4,566,565,56,4000,0,True,True,True,True
1,1000,1000,1,4,0.5,20,600,2,1800,8,325,4210,1,562,561,58,4000,0,True,True,True,True
1,1000,1000,1,4,0.5,20,600,2,1800,9,313,4247,1,546,545,50,4000,0,True,True,True,True
1,1000,1000,1,4,0.5,20,600,2,1800,10,278,4228,2,566,565,65,4000,0,True,True,True,True
1,1000,1000,1,4,0.5,20,600,2,1800,11,295,4248,4,1125,1123,65,4000,0,True,True,True,True
1,1000,1000,1,4,0.5,20,600,2,1800,12,284,4216,9,549,548,57,4000,0,True,True,True,True
1,1000,1000,1,4,0.5,20,600,2,1800,13,297,4199,12,558,557,57,4000,0,True,True,True,True
1,1000,1000,1,4,0.5,20,600,2,1800,14,298,4318,7,549,548,50,4000,0,True,True,True,True
1,1000,1000,1,4,0.5,20,600,2,1800,15,309,4259,0,0,0,62,4000,0,True,True,True,True
1,1000,1000,1,4,0.5,20,600,2,1800,16,320,4284,0,0,0,52,4000,0,True,True,True,True
1,1000,1000,1,4,0.5,20,600,2,1800,17,296,4237,8,553,552,53,4000,0,True,True,True,True
1,1000,1000,1,4,0.5,20,600,2,1800,18,297,4207,4,564,563,63,4000,0,True,True,True,True
1,1000,1000,1,4,0.5,20,600,2,1800,19,296,4264,17,1111,1109,54,4000,0,True,True,True,True
5,1000,300,2,2,0.05,20,600,1,1800,0,298,95,0,0,0,65,600,0,True,True,True,True
5,1000,300,2,2,0.05,20,600,1,1800,1,299,54,0,0,0,54,600,0,True,True,True,True
5,1000,300,2,2,0.05,20,600,1,1800,2,301,96,12,235,231,40,600,0,True,True,True,True
5,1000,300,2,2,0.05,20,600,1,1800,3,304,61,8,126,123,43,600,0,True,True,True,True
5,1000,300,2,2,0.05,20,600,1,1800,4,286,63,7,57,54,59,600,0,True,True,True,True
5,1000,300,2,2,0.05,20,600,1,1800,5,290,91,13,204,203,55,600,0,True,True,True,True
5,1000,300,2,2,0.05,20,600,1,1800,6,308,76,19,127,122,61,600,0,True,True,True,True
5,1000,300,2,2,0.05,20,600,1,1800,7,299,72,14,91,87,47,600,0,True,True,True,True
5,1000,300,2,2,0.05,20,600,1,1800,8,309,79,10,74,70,39,600,0,True,True,True,True
5,1000,300,2,2,0.05,20,600,1,1800,9,300,72,10,11,8,48,600,0,True,True,True,True
5,1000,300,2,2,0.05,20,600,1,1800,10,282,78,12,152,149,50,600,0,True,True,True,True
5,1000,300,2,2,0.05,20,600,1,1800,11,292,71,10,25,23,51,600,0,True,True,True,True
5,1000,300,2,2,0.05,20,600,1,1800,12,283,63,8,8,6,44,600,0,True,True,True,True
5,1000,300,2,2,0.05,20,600,1,1800,13,291,91,7,7,4,59,600,0,True,True,True,True
5,1000,300,2,2,0.05,20,600,1,1800,14,286,81,3,169,168,47,600,0,True,True,True,True
5,1000,300,2,2,0.05,20,600,1,1800,15,292,53,13,13,11,52,600,0,True,True,True,True
5,1000,300,2,2,0.05,20,600,1,1800,16,316,47,5,48,46,46,600,0,True,True,True,True
5,1000,300,2,2,0.05,20,600,1,1800,17,283,64,13,46,42,49,600,0,True,True,True,True
5,1000,300,2,2,0.05,20,600,1,1800,18,286,80,18,19,17,44,600,0,True,True,True,True
5,1000,300,2,2,0.05,20,600,1,1800,19,279,59,9,18,17,44,600,0,True,True,True,True
5,1000,300,2,2,0.05,20,600,2,1800,0,298,95,0,0,0,65,600,0,True,True,True,True
5,1000,300,2,2,0.05,20,600,2,1800,1,299,54,0,0,0,54,600,0,True,True,True,True
5,1000,300,2,2,0.05,20,600,2,1800,2,301,96,12,235,231,40,600,0,True,True,True,True
5,1000,300,2,2,0.05,20,600,2,1800,3,304,61,8,126,123,43,600,0,True,True,True,True
5,1000,300,2,2,0.05,20,600,2,1800,4,286,63,7,57,54,59,600,0,True,True,True,True
5,1000,300,2,2,0.05,20,600,2,1800,5,290,91,13,204,203,55,600,0,True,True,True,True
5,1000,300,2,2,0.05,20,600,2,1800,6,308,76,19,127,122,61,600,0,True,True,True,True
5,1000,300,2,2,0.05,20,600,2,1800,7,299,72,14,91,87,47,600,0,True,True,True,True
5,1000,300,2,2,0.05,20,600,2,1800,8,309,79,10,74,70,39,600,0,True,True,True,True
5,1000,300,2,2,0.05,20,600,2,1800,9,300,72,10,11,8,48,600,0,True,True,True,True
5,1000,300,2,2,0.05,20,600,2,1800,10,282,78,12,152,149,50,600,0,True,True,True,True
5,1000,300,2,2,0.05,20,600,2,1800,11,292,71,10,25,23,51,600,0,True,True,True,True
5,1000,300,2,2,0.05,20,600,2,1800,12,283,63,8,8,6,44,600,0,True,True,True,True
5,1000,300,2,2,0.05,20,600,2,1800,13,291,91,7,7,4,59,600,0,True,True,True,True
5,1000,300,2,2,0.05,20,600,2,1800,14,286,81,3,169,168,47,600,0,True,True,True,True
5,1000,300,2,2,0.05,20,600,2,1800,15,292,53,13,13,11,52,600,0,True,True,True,True
5,1000,300,2,2,0.05,20,600,2,1800,16,316,47,5,48,46,46,600,0,True,True,True,True
5,1000,300,2,2,0.05,20,600,2,1800,17,283,64,13,46,42,49,600,0,True,True,True,True
5,1000,300,2,2,0.05,20,600,2,1800,18,286,80,18,19,17,44,600,0,True,True,True,True
5,1000,300,2,2,0.05,20,600,2,1800,19,279,59,9,18,17,44,600,0,True,True,True,True
5,1000,300,2,2,0.5,20,600,1,1800,0,314,3266,16,1612,1605,96,600,0,True,True,True,True
5,1000,300,2,2,0.5,20,600,1,1800,1,327,3374,36,1619,1612,126,600,0,True,True,True,True
5,1000,300,2,2,0.5,20,600,1,1800,2,308,3316,44,1627,1619,98,600,0,True,True,True,True
5,1000,300,2,2,0.5,20,600,1,1800,3,301,3431,44,1647,1640,106,600,0,True,True,True,True
5,1000,300,2,2,0.5,20,600,1,1800,4,314,3318,46,1647,1640,116,600,0,True,True,True,True
5,1000,300,2,2,0.5,20,600,1,1800,5,302,3246,34,1647,1638,109,600,0,True,True,True,True
5,1000,300,2,2,0.5,20,600,1,1800,6,314,3326,26,1640,1629,113,600,0,True,True,True,True
5,1000,300,2,2,0.5,20,600,1,1800,7,305,3371,34,1631,1623,102,600,0,True,True,True,True
5,1000,300,2,2,0.5,20,600,1,1800,8,315,3283,48,1629,1624,110,600,0,True,True,True,True
5,1000,300,2,2,0.5,20,600,1,1800,9,308,3348,40,1651,1644,101,600,0,True,True,True,True
5,1000,300,2,2,0.5,20,600,1,1800,10,297,3320,46,1652,1642,128,600,0,True,True,True,True
5,1000,300,2,2,0.5,20,600,1,1800,11,290,3345,37,1637,1627,136,600,0,True,True,True,True
5,1000,300,2,2,0.5,20,600,1,1800,12,302,3285,49,1645,1635,127,600,0,True,True,True,True
5,1000,300,2,2,0.5,20,600,1,1800,13,299,3325,35,1630,1622,99,600,0,True,True,True,True
5,1000,300,2,2,0.5,20,600,1,1800,14,310,3385,65,1660,1652,104,600,0,True,True,True,True
5,1000,300,2,2,0.5,20,600,1,1800,15,306,3352,33,1637,1631,117,600,0,True,True,True,True
5,1000,300,2,2,0.5,20,600,1,1800,16,321,3355,32,1621,1615,92,600,0,True,True,True,True
5,1000,300,2,2,0.5,20,600,1,1800,17,299,3296,29,1639,1630,106,600,0,True,True,True,True
5,1000,300,2,2,0.5,20,600,1,1800,18,302,3297,52,1649,1641,102,600,0,True,True,True,True
5,1000,300,2,2,0.5,20,600,1,1800,19,298,3360,43,1651,1645,111,600,0,True,True,True,True
5,1000,300,2,2,0.5,20,600,2,1800,0,314,3266,16,1612,1605,96,600,0,True,True,True,True
5,1000,300,2,2,0.5,20,600,2,1800,1,327,3374,36,1619,1612,126,600,0,True,True,True,True
5,1000,300,2,2,0.5,20,600,2,1800,2,308,3316,44,1627,1619,98,600,0,True,True,True,True
5,1000,300,2,2,0.5,20,600,2,1800,3,301,3431,44,1647,1640,106,600,0,True,True,True,True
5,1000,300,2,2,0.5,20,600,2,1800,4,314,3318,46,1647,1640,116,600,0,True,True,True,True
5,1000,300,2,2,0.5,20,600,2,1800,5,302,3246,34,1647,1638,109,600,0,True,True,True,True
5,1000,300,2,2,0.5,20,600,2,1800,6,314,3326,26,1640,1629,113,600,0,True,True,True,True
5,1000,300,2,2,0.5,20,600,2,1800,7,305,3371,34,1631,1623,102,600,0,True,True,True,True
5,1000,300,2,2,0.5,20,600,2,1800,8,315,3283,48,1629,1624,110,600,0,True,True,True,True
5,1000,300,2,2,0.5,20,600,2,1800,9,308,3348,40,1651,1644,101,600,0,True,True,True,True
5,1000,300,2,2,0.5,20,600,2,1800,10,297,3320,46,1652,1642,128,600,0,True,True,True,True
5,1000,300,2,2,0.5,20,600,2,1800,11,290,3345,37,1637,1627,136,600,0,True,True,True,True
5,1000,300,2,2,0.5,20,600,2,1800,12,302,3285,49,1645,1635,127,600,0,True,True,True,True
5,1000,300,2,2,0.5,20,600,2,1800,13,299,3325,35,1630,1622,99,600,0,True,True,True,True
5,1000,300,2,2,0.5,20,600,2,1800,14,310,3385,65,1660,1652,104,600,0,True,True,True,True
5,1000,300,2,2,0.5,20,600,2,1800,15,306,3352,33,1637,1631,117,600,0,True,True,True,True
5,1000,300,2,2,0.5,20,600,2,1800,16,321,3355,32,1621,1615,92,600,0,True,True,True,True
5,1000,300,2,2,0.5,20,600,2,1800,17,299,3296,29,1639,1630,106,600,0,True,True,True,True
5,1000,300,2,2,0.5,20,600,2,1800,18,302,3297,52,1649,1641,102,600,0,True,True,True,True
5,1000,300,2,2,0.5,20,600,2,1800,19,298,3360,43,1651,1645,111,600,0,True,True,True,True
5,1000,300,1,4,0.05,20,600,1,1800,0,312,176,7,264,261,61,1200,0,True,True,True,True
5,1000,300,1,4,0.05,20,600,1,1800,1,313,130,0,0,0,63,1200,0,True,True,True,True
5,1000,300,1,4,0.05,20,600,1,1800,2,308,184,1,9,8,59,1200,0,True,True,True,True
5,1000,300,1,4,0.05,20,600,1,1800,3,308,145,5,199,198,51,1200,0,True,True,True,True
5,1000,300,1,4,0.05,20,600,1,1800,4,308,133,12,29,23,74,1200,0,True,True,True,True
5,1000,300,1,4,0.05,20,600,1,1800,5,295,193,1,5,4,51,1200,0,True,True,True,True
5,1000,300,1,4,0.05,20,600,1,1800,6,307,166,8,250,247,66,1200,0,True,True,True,True
5,1000,300,1,4,0.05,20,600,1,1800,7,307,165,13,206,201,58,1200,0,True,True,True,True
5,1000,300,1,4,0.05,20,600,1,1800,8,311,169,11,97,94,53,1200,0,True,True,True,True
5,1000,300,1,4,0.05,20,600,1,1800,9,307,146,11,60,56,68,1200,0,True,True,True,True
5,1000,300,1,4,0.05,20,600,1,1800,10,298,148,0,0,0,56,1200,0,True,True,True,True
5,1000,300,1,4,0.05,20,600,1,1800,11,273,167,2,32,31,61,1200,0,True,True,True,True
5,1000,300,1,4,0.05,20,600,1,1800,12,296,128,4,154,151,69,1200,0,True,True,True,True
5,1000,300,1,4,0.05,20,600,1,1800,13,300,179,0,0,0,57,1200,0,True,True,True,True
5,1000,300,1,4,0.05,20,600,1,1800,14,282,166,15,301,298,64,1200,0,True,True,True,True
5,1000,300,1,4,0.05,20,600,1,1800,15,302,121,3,107,106,71,1200,0,True,True,True,True
5,1000,300,1,4,0.05,20,600,1,1800,16,323,125,3,7,6,47,1200,0,True,True,True,True
5,1000,300,1,4,0.05,20,600,1,1800,17,302,144,0,0,0,66,1200,0,True,True,True,True
5,1000,300,1,4,0.05,20,600,1,1800,18,300,147,0,0,0,59,1200,0,True,True,True,True
5,1000,300,1,4,0.05,20,600,1,1800,19,298,121,8,100,98,46,1200,0,True,True,True,True
5,1000,300,1,4,0.05,20,600,2,1800,0,312,176,7,264,261,61,1200,0,True,True,True,True
5,1000,300,1,4,0.05,20,600,2,1800,1,313,130,0,0,0,63,1200,0,True,True,True,True
5,1000,300,1,4,0.05,20,600,2,1800,2,308,184,1,9,8,59,1200,0,True,True,True,True
5,1000,300,1,4,0.05,20,600,2,1800,3,308,145,5,199,198,51,1200,0,True,True,True,True
5,1000,300,1,4,0.05,20,600,2,1800,4,308,133,12,29,23,74,1200,0,True,True,True,True
5,1000,300,1,4,0.05,20,600,2,1800,5,295,193,1,5,4,51,1200,0,True,True,True,True
5,1000,300,1,4,0.05,20,600,2,1800,6,307,166,8,250,247,66,1200,0,True,True,True,True
5,1000,300,1,4,0.05,20,600,2,1800,7,307,165,13,206,201,58,1200,0,True,True,True,True
5,1000,300,1,4,0.05,20,600,2,1800,8,311,169,11,97,94,53,1200,0,True,True,True,True
5,1000,300,1,4,0.05,20,600,2,1800,9,307,146,11,60,56,68,1200,0,True,True,True,True
5,1000,300,1,4,0.05,20,600,2,1800,10,298,148,0,0,0,56,1200,0,True,True,True,True
5,1000,300,1,4,0.05,20,600,2,1800,11,273,167,2,32,31,61,1200,0,True,True,True,True
5,1000,300,1,4,0.05,20,600,2,1800,12,296,128,4,154,151,69,1200,0,True,True,True,True
5,1000,300,1,4,0.05,20,600,2,1800,13,300,179,0,0,0,57,1200,0,True,True,True,True
5,1000,300,1,4,0.05,20,600,2,1800,14,282,166,15,301,298,64,1200,0,True,True,True,True
5,1000,300,1,4,0.05,20,600,2,1800,15,302,121,3,107,106,71,1200,0,True,True,True,True
5,1000,300,1,4,0.05,20,600,2,1800,16,323,125,3,7,6,47,1200,0,True,True,True,True
5,1000,300,1,4,0.05,20,600,2,1800,17,302,144,0,0,0,66,1200,0,True,True,True,True
5,1000,300,1,4,0.05,20,600,2,1800,18,300,147,0,0,0,59,1200,0,True,True,True,True
5,1000,300,1,4,0.05,20,600,2,1800,19,298,121,8,100,98,46,1200,0,True,True,True,True
5,1000,300,1,4,0.5,20,600,1,1800,0,314,4121,42,1660,1653,141,1200,0,True,True,True,True
5,1000,300,1,4,0.5,20,600,1,1800,1,312,4263,42,1661,1654,176,1200,0,True,True,True,True
5,1000,300,1,4,0.5,20,600,1,1800,2,307,4222,48,1663,1655,178,1200,0,True,True,True,True
5,1000,300,1,4,0.5,20,600,1,1800,3,312,4302,46,1672,1663,171,1200,0,True,True,True,True
5,1000,300,1,4,0.5,20,600,1,1800,4,303,4234,40,1683,1674,179,1200,0,True,True,True,True
5,1000,300,1,4,0.5,20,600,1,1800,5,306,4144,55,1668,1660,140,1200,0,True,True,True,True
5,1000,300,1,4,0.5,20,600,1,1800,6,300,4212,44,1676,1669,204,1200,0,True,True,True,True
5,1000,300,1,4,0.5,20,600,1,1800,7,300,4287,23,1673,1665,161,1200,0,True,True,True,True
5,1000,300,1,4,0.5,20,600,1,1800,8,327,4208,28,1661,1653,142,1200,0,True,True,True,True
5,1000,300,1,4,0.5,20,600,1,1800,9,317,4243,43,1671,1663,161,1200,0,True,True,True,True
5,1000,300,1,4,0.5,20,600,1,1800,10,287,4219,46,1681,1675,186,1200,0,True,True,True,True
5,1000,300,1,4,0.5,20,600,1,1800,11,303,4240,44,1683,1672,204,1200,0,True,True,True,True
5,1000,300,1,4,0.5,20,600,1,1800,12,289,4211,45,1678,1670,168,1200,0,True,True,True,True
5,1000,300,1,4,0.5,20,600,1,1800,13,304,4192,36,1676,1667,158,1200,0,True,True,True,True
5,1000,300,1,4,0.5,20,600,1,1800,14,302,4314,17,1675,1668,141,1200,0,True,True,True,True
5,1000,300,1,4,0.5,20,600,1,1800,15,318,4250,54,1672,1663,221,1200,0,True,True,True,True
5,1000,300,1,4,0.5,20,600,1,1800,16,316,4288,29,1668,1663,147,1200,0,True,True,True,True
5,1000,300,1,4,0.5,20,600,1,1800,17,303,4230,29,1667,1660,157,1200,0,True,True,True,True
5,1000,300,1,4,0.5,20,600,1,1800,18,303,4201,64,1686,1677,165,1200,0,True,True,True,True
5,1000,300,1,4,0.5,20,600,1,1800,19,301,4259,52,1679,1673,177,1200,0,True,True,True,True
5,1000,300,1,4,0.5,20,600,2,1800,0,314,4121,42,1660,1653,141,1200,0,True,True,True,True
5,1000,300,1,4,0.5,20,600,2,1800,1,312,4263,42,1661,1654,176,1200,0,True,True,True,True
5,1000,300,1,4,0.5,20,600,2,1800,2,307,4222,48,1663,1655,178,1200,0,True,True,True,True
5,1000,300,1,4,0.5,20,600,2,1800,3,312,4302,46,1672,1663,171,1200,0,True,True,True,True
5,1000,300,1,4,0.5,20,600,2,1800,4,303,4234,40,1683,1674,179,1200,0,True,True,True,True
5,1000,300,1,4,0.5,20,600,2,1800,5,306,4144,55,1668,1660,140,1200,0,True,True,True,True
5,1000,300,1,4,0.5,20,600,2,1800,6,300,4212,44,1676,1669,204,1200,0,True,True,True,True
5,1000,300,1,4,0.5,20,600,2,1800,7,300,4287,23,1673,1665,161,1200,0,True,True,True,True
5,1000,300,1,4,0.5,20,600,2,1800,8,327,4208,28,1661,1653,142,1200,0,True,True,True,True
5,1000,300,1,4,0.5,20,600,2,1800,9,317,4243,43,1671,1663,161,1200,0,True,True,True,True
5,1000,300,1,4,0.5,20,600,2,1800,10,287,4219,46,1681,1675,186,1200,0,True,True,True,True
5,1000,300,1,4,0.5,20,600,2,1800,11,303,4240,44,1683,1672,204,1200,0,True,True,True,True
5,1000,300,1,4,0.5,20,600,2,1800,12,289,4211,45,1678,1670,168,1200,0,True,True,True,True
5,1000,300,1,4,0.5,20,600,2,1800,13,304,4192,36,1676,1667,158,1200,0,True,True,True,True
5,1000,300,1,4,0.5,20,600,2,1800,14,302,4314,17,1675,1668,141,1200,0,True,True,True,True
5,1000,300,1,4,0.5,20,600,2,1800,15,318,4250,54,1672,1663,221,1200,0,True,True,True,True
5,1000,300,1,4,0.5,20,600,2,1800,16,316,4288,29,1668,1663,147,1200,0,True,True,True,True
5,1000,300,1,4,0.5,20,600,2,1800,17,303,4230,29,1667,1660,157,1200,0,True,True,True,True
5,1000,300,1,4,0.5,20,600,2,1800,18,303,4201,64,1686,1677,165,1200,0,True,True,True,True
5,1000,300,1,4,0.5,20,600,2,1800,19,301,4259,52,1679,1673,177,1200,0,True,True,True,True
5,1000,1000,2,2,0.05,20,600,1,1800,0,295,98,13,159,154,65,2000,0,True,True,True,True
5,1000,1000,2,2,0.05,20,600,1,1800,1,302,51,10,46,42,54,2000,0,True,True,True,True
5,1000,1000,2,2,0.05,20,600,1,1800,2,293,104,25,24,15,45,2000,0,True,True,True,True
5,1000,1000,2,2,0.05,20,600,1,1800,3,306,59,15,147,139,43,2000,0,True,True,True,True
5,1000,1000,2,2,0.05,20,600,1,1800,4,294,55,20,175,168,59,2000,0,True,True,True,True
5,1000,1000,2,2,0.05,20,600,1,1800,5,295,86,17,349,342,55,2000,0,True,True,True,True
5,1000,1000,2,2,0.05,20,600,1,1800,6,296,88,20,158,148,61,2000,0,True,True,True,True
5,1000,1000,2,2,0.05,20,600,1,1800,7,291,80,19,222,205,50,2000,0,True,True,True,True
5,1000,1000,2,2,0.05,20,600,1,1800,8,311,77,13,148,134,47,2000,0,True,True,True,True
5,1000,1000,2,2,0.05,20,600,1,1800,9,303,69,15,64,56,51,2000,0,True,True,True,True
5,1000,1000,2,2,0.05,20,600,1,1800,10,287,73,12,186,179,50,2000,0,True,True,True,True
5,1000,1000,2,2,0.05,20,600,1,1800,11,286,77,17,210,204,51,2000,0,True,True,True,True
5,1000,1000,2,2,0.05,20,600,1,1800,12,294,52,21,85,73,44,2000,0,True,True,True,True
5,1000,1000,2,2,0.05,20,600,1,1800,13,296,86,17,28,19,59,2000,0,True,True,True,True
5,1000,1000,2,2,0.05,20,600,1,1800,14,288,79,21,245,238,47,2000,0,True,True,True,True
5,1000,1000,2,2,0.05,20,600,1,1800,15,294,51,13,175,171,57,2000,0,True,True,True,True
5,1000,1000,2,2,0.05,20,600,1,1800,16,311,52,14,106,95,46,2000,0,True,True,True,True
5,1000,1000,2,2,0.05,20,600,1,1800,17,289,58,17,132,124,59,2000,0,True,True,True,True
5,1000,1000,2,2,0.05,20,600,1,1800,18,284,82,12,159,155,49,2000,0,True,True,True,True
5,1000,1000,2,2,0.05,20,600,1,1800,19,289,49,10,49,43,44,2000,0,True,True,True,True
5,1000,1000,2,2,0.05,20,600,2,1800,0,295,98,13,159,154,65,2000,0,True,True,True,True
5,1000,1000,2,2,0.05,20,600,2,1800,1,302,51,10,46,42,54,2000,0,True,True,True,True
5,1000,1000,2,2,0.05,20,600,2,1800,2,293,104,25,24,15,45,2000,0,True,True,True,True
5,1000,1000,2,2,0.05,20,600,2,1800,3,306,59,15,147,139,43,2000,0,True,True,True,True
5,1000,1000,2,2,0.05,20,600,2,1800,4,294,55,20,175,168,59,2000,0,True,True,True,True
5,1000,1000,2,2,0.05,20,600,2,1800,5,295,86,17,349,342,55,2000,0,True,True,True,True
5,1000,1000,2,2,0.05,20,600,2,1800,6,296,88,20,158,148,61,2000,0,True,True,True,True
5,1000,1000,2,2,0.05,20,600,2,1800,7,291,80,19,222,205,50,2000,0,True,True,True,True
5,1000,1000,2,2,0.05,20,600,2,1800,8,311,77,13,148,134,47,2000,0,True,True,True,True
5,1000,1000,2,2,0.05,20,600,2,1800,9,303,69,15,64,56,51,2000,0,True,True,True,True
5,1000,1000,2,2,0.05,20,600,2,1800,10,287,73,12,186,179,50,2000,0,True,True,True,True
5,1000,1000,2,2,0.05,20,600,2,1800,11,286,77,17,210,204,51,2000,0,True,True,True,True
5,1000,1000,2,2,0.05,20,600,2,1800,12,294,52,21,85,73,44,2000,0,True,True,True,True
5,1000,1000,2,2,0.05,20,600,2,1800,13,296,86,17,28,19,59,2000,0,True,True,True,True
5,1000,1000,2,2,0.05,20,600,2,1800,14,288,79,21,245,238,47,2000,0,True,True,True,True
5,1000,1000,2,2,0.05,20,600,2,1800,15,294,51,13,175,171,57,2000,0,True,True,True,True
5,1000,1000,2,2,0.05,20,600,2,1800,16,311,52,14,106,95,46,2000,0,True,True,True,True
5,1000,1000,2,2,0.05,20,600,2,1800,17,289,58,17,132,124,59,2000,0,True,True,True,True
5,1000,1000,2,2,0.05,20,600,2,1800,18,284,82,12,159,155,49,2000,0,True,True,True,True
5,1000,1000,2,2,0.05,20,600,2,1800,19,289,49,10,49,43,44,2000,0,True,True,True,True
5,1000,1000,2,2,0.5,20,600,1,1800,0,319,3261,47,1627,1613,96,2000,0,True,True,True,True
5,1000,1000,2,2,0.5,20,600,1,1800,1,328,3373,36,1624,1618,126,2000,0,True,True,True,True
5,1000,1000,2,2,0.5,20,600,1,1800,2,310,3314,73,1631,1622,110,2000,0,True,True,True,True
5,1000,1000,2,2,0.5,20,600,1,1800,3,300,3432,51,1654,1643,106,2000,0,True,True,True,True
5,1000,1000,2,2,0.5,20,600,1,1800,4,314,3318,46,1647,1640,116,2000,0,True,True,True,True
5,1000,1000,2,2,0.5,20,600,1,1800,5,302,3246,34,1649,1640,109,2000,0,True,True,True,True
5,1000,1000,2,2,0.5,20,600,1,1800,6,319,3321,40,1636,1629,113,2000,0,True,True,True,True
5,1000,1000,2,2,0.5,20,600,1,1800,7,309,3367,46,1637,1627,102,2000,0,True,True,True,True
5,1000,1000,2,2,0.5,20,600,1,1800,8,317,3281,48,1635,1628,110,2000,0,True,True,True,True
5,1000,1000,2,2,0.5,20,600,1,1800,9,309,3347,43,1654,1644,101,2000,0,True,True,True,True
5,1000,1000,2,2,0.5,20,600,1,1800,10,297,3320,56,1655,1645,128,2000,0,True,True,True,True
5,1000,1000,2,2,0.5,20,600,1,1800,11,293,3342,66,1646,1636,136,2000,0,True,True,True,True
5,1000,1000,2,2,0.5,20,600,1,1800,12,302,3285,49,1646,1637,127,2000,0,True,True,True,True
5,1000,1000,2,2,0.5,20,600,1,1800,13,299,3325,46,1634,1625,99,2000,0,True,True,True,True
5,1000,1000,2,2,0.5,20,600,1,1800,14,310,3385,65,1660,1652,104,2000,0,True,True,True,True
5,1000,1000,2,2,0.5,20,600,1,1800,15,302,3356,59,1650,1641,117,2000,0,True,True,True,True
5,1000,1000,2,2,0.5,20,600,1,1800,16,320,3356,32,1622,1617,92,2000,0,True,True,True,True
5,1000,1000,2,2,0.5,20,600,1,1800,17,299,3296,61,1656,1644,113,2000,0,True,True,True,True
5,1000,1000,2,2,0.5,20,600,1,1800,18,304,3295,73,1649,1641,102,2000,0,True,True,True,True
5,1000,1000,2,2,0.5,20,600,1,1800,19,303,3355,42,1651,1645,111,2000,0,True,True,True,True
5,1000,1000,2,2,0.5,20,600,2,1800,0,319,3261,47,1627,1613,96,2000,0,True,True,True,True
5,1000,1000,2,2,0.5,20,600,2,1800,1,328,3373,36,1624,1618,126,2000,0,True,True,True,True
5,1000,1000,2,2,0.5,20,600,2,1800,2,310,3314,73,1631,1622,110,2000,0,True,True,True,True
5,1000,1000,2,2,0.5,20,600,2,1800,3,300,3432,51,1654,1643,106,2000,0,True,True,True,True
5,1000,1000,2,2,0.5,20,600,2,1800,4,314,3318,46,1647,1640,116,2000,0,True,True,True,True
5,1000,1000,2,2,0.5,20,600,2,1800,5,302,3246,34,1649,1640,109,2000,0,True,True,True,True
5,1000,1000,2,2,0.5,20,600,2,1800,6,319,3321,40,1636,1629,113,2000,0,True,True,True,True
5,1000,1000,2,2,0.5,20,600,2,1800,7,309,3367,46,1637,1627,102,2000,0,True,True,True,True
5,1000,1000,2,2,0.5,20,600,2,1800,8,317,3281,48,1635,1628,110,2000,0,True,True,True,True
5,1000,1000,2,2,0.5,20,600,2,1800,9,309,3347,43,1654,1644,101,2000,0,True,True,True,True
5,1000,1000,2,2,0.5,20,600,2,1800,10,297,3320,56,1655,1645,128,2000,0,True,True,True,True
5,1000,1000,2,2,0.5,20,600,2,1800,11,293,3342,66,1646,1636,136,2000,0,True,True,True,True
5,1000,1000,2,2,0.5,20,600,2,1800,12,302,3285,49,1646,1637,127,2000,0,True,True,True,True
5,1000,1000,2,2,0.5,20,600,2,1800,13,299,3325,46,1634,1625,99,2000,0,True,True,True,True
5,1000,1000,2,2,0.5,20,600,2,1800,14,310,3385,65,1660,1652,104,2000,0,True,True,True,True
5,1000,1000,2,2,0.5,20,600,2,1800,15,302,3356,59,1650,1641,117,2000,0,True,True,True,True
5,1000,1000,2,2,0.5,20,600,2,1800,16,320,3356,32,1622,1617,92,2000,0,True,True,True,True
5,1000,1000,2,2,0.5,20,600,2,1800,17,299,3296,61,1656,1644,113,2000,0,True,True,True,True
5,1000,1000,2,2,0.5,20,600,2,1800,18,304,3295,73,1649,1641,102,2000,0,True,True,True,True
5,1000,1000,2,2,0.5,20,600,2,1800,19,303,3355,42,1651,1645,111,2000,0,True,True,True,True
5,1000,1000,1,4,0.05,20,600,1,1800,0,302,186,9,489,482,67,4000,0,True,True,True,True
5,1000,1000,1,4,0.05,20,600,1,1800,1,311,132,16,16,10,63,4000,0,True,True,True,True
5,1000,1000,1,4,0.05,20,600,1,1800,2,302,190,17,103,96,59,4000,0,True,True,True,True
5,1000,1000,1,4,0.05,20,600,1,1800,3,308,145,9,208,206,51,4000,0,True,True,True,True
5,1000,1000,1,4,0.05,20,600,1,1800,4,303,138,19,62,52,74,4000,0,True,True,True,True
5,1000,1000,1,4,0.05,20,600,1,1800,5,290,198,20,530,524,51,4000,0,True,True,True,True
5,1000,1000,1,4,0.05,20,600,1,1800,6,300,173,9,225,219,66,4000,0,True,True,True,True
5,1000,1000,1,4,0.05,20,600,1,1800,7,302,170,8,352,347,68,4000,0,True,True,True,True
5,1000,1000,1,4,0.05,20,600,1,1800,8,310,170,13,268,258,55,4000,0,True,True,True,True
5,1000,1000,1,4,0.05,20,600,1,1800,9,309,144,6,33,27,68,4000,0,True,True,True,True
5,1000,1000,1,4,0.05,20,600,1,1800,10,291,155,5,10,8,61,4000,0,True,True,True,True
5,1000,1000,1,4,0.05,20,600,1,1800,11,278,162,10,226,218,61,4000,0,True,True,True,True
5,1000,1000,1,4,0.05,20,600,1,1800,12,290,134,14,286,283,53,4000,0,True,True,True,True
5,1000,1000,1,4,0.05,20,600,1,1800,13,294,185,14,422,412,57,4000,0,True,True,True,True
5,1000,1000,1,4,0.05,20,600,1,1800,14,281,167,7,508,505,64,4000,0,True,True,True,True
5,1000,1000,1,4,0.05,20,600,1,1800,15,296,127,10,430,425,71,4000,0,True,True,True,True
5,1000,1000,1,4,0.05,20,600,1,1800,16,320,128,15,62,50,47,4000,0,True,True,True,True
5,1000,1000,1,4,0.05,20,600,1,1800,17,293,153,8,203,199,66,4000,0,True,True,True,True
5,1000,1000,1,4,0.05,20,600,1,1800,18,297,150,17,23,17,59,4000,0,True,True,True,True
5,1000,1000,1,4,0.05,20,600,1,1800,19,290,129,7,95,91,47,4000,0,True,True,True,True
5,1000,1000,1,4,0.05,20,600,2,1800,0,302,186,9,489,482,67,4000,0,True,True,True,True
5,1000,1000,1,4,0.05,20,600,2,1800,1,311,132,16,16,10,63,4000,0,True,True,True,True
5,1000,1000,1,4,0.05,20,600,2,1800,2,302,190,17,103,96,59,4000,0,True,True,True,True
5,1000,1000,1,4,0.05,20,600,2,1800,3,308,145,9,208,206,51,4000,0,True,True,True,True
5,1000,1000,1,4,0.05,20,600,2,1800,4,303,138,19,62,52,74,4000,0,True,True,True,True
5,1000,1000,1,4,0.05,20,600,2,1800,5,290,198,20,530,524,51,4000,0,True,True,True,True
5,1000,1000,1,4,0.05,20,600,2,1800,6,300,173,9,225,219,66,4000,0,True,True,True,True
5,1000,1000,1,4,0.05,20,600,2,1800,7,302,170,8,352,347,68,4000,0,True,True,True,True
5,1000,1000,1,4,0.05,20,600,2,1800,8,310,170,13,268,258,55,4000,0,True,True,True,True
5,1000,1000,1,4,0.05,20,600,2,1800,9,309,144,6,33,27,68,4000,0,True,True,True,True
5,1000,1000,1,4,0.05,20,600,2,1800,10,291,155,5,10,8,61,4000,0,True,True,True,True
5,1000,1000,1,4,0.05,20,600,2,1800,11,278,162,10,226,218,61,4000,0,True,True,True,True
5,1000,1000,1,4,0.05,20,600,2,1800,12,290,134,14,286,283,53,4000,0,True,True,True,True
5,1000,1000,1,4,0.05,20,600,2,1800,13,294,185,14,422,412,57,4000,0,True,True,True,True
5,1000,1000,1,4,0.05,20,600,2,1800,14,281,167,7,508,505,64,4000,0,True,True,True,True
5,1000,1000,1,4,0.05,20,600,2,1800,15,296,127,10,430,425,71,4000,0,True,True,True,True
5,1000,1000,1,4,0.05,20,600,2,1800,16,320,128,15,62,50,47,4000,0,True,True,True,True
5,1000,1000,1,4,0.05,20,600,2,1800,17,293,153,8,203,199,66,4000,0,True,True,True,True
5,1000,1000,1,4,0.05,20,600,2,1800,18,297,150,17,23,17,59,4000,0,True,True,True,True
5,1000,1000,1,4,0.05,20,600,2,1800,19,290,129,7,95,91,47,4000,0,True,True,True,True
5,1000,1000,1,4,0.5,20,600,1,1800,0,315,4120,48,1661,1653,147,4000,0,True,True,True,True
5,1000,1000,1,4,0.5,20,600,1,1800,1,312,4263,42,1661,1654,176,4000,0,True,True,True,True
5,1000,1000,1,4,0.5,20,600,1,1800,2,307,4222,48,1663,1655,178,4000,0,True,True,True,True
5,1000,1000,1,4,0.5,20,600,1,1800,3,312,4302,46,1672,1663,171,4000,0,True,True,True,True
5,1000,1000,1,4,0.5,20,600,1,1800,4,303,4234,40,1683,1674,179,4000,0,True,True,True,True
5,1000,1000,1,4,0.5,20,600,1,1800,5,306,4144,55,1668,1660,140,4000,0,True,True,True,True
5,1000,1000,1,4,0.5,20,600,1,1800,6,300,4212,44,1676,1669,204,4000,0,True,True,True,True
5,1000,1000,1,4,0.5,20,600,1,1800,7,300,4287,23,1673,1665,161,4000,0,True,True,True,True
5,1000,1000,1,4,0.5,20,600,1,1800,8,327,4208,28,1661,1653,142,4000,0,True,True,True,True
5,1000,1000,1,4,0.5,20,600,1,1800,9,317,4243,43,1671,1663,161,4000,0,True,True,True,True
5,1000,1000,1,4,0.5,20,600,1,1800,10,287,4219,46,1681,1675,186,4000,0,True,True,True,True
5,1000,1000,1,4,0.5,20,600,1,1800,11,303,4240,44,1683,1672,204,4000,0,True,True,True,True
5,1000,1000,1,4,0.5,20,600,1,1800,12,289,4211,45,1678,1670,168,4000,0,True,True,True,True
5,1000,1000,1,4,0.5,20,600,1,1800,13,304,4192,36,1676,1667,158,4000,0,True,True,True,True
5,1000,1000,1,4,0.5,20,600,1,1800,14,302,4314,17,1675,1668,141,4000,0,True,True,True,True
5,1000,1000,1,4,0.5,20,600,1,1800,15,318,4250,54,1672,1663,221,4000,0,True,True,True,True
5,1000,1000,1,4,0.5,20,600,1,1800,16,316,4288,29,1668,1663,147,4000,0,True,True,True,True
5,1000,1000,1,4,0.5,20,600,1,1800,17,303,4230,29,1667,1660,157,4000,0,True,True,True,True
5,1000,1000,1,4,0.5,20,600,1,1800,18,303,4201,64,1686,1677,165,4000,0,True,True,True,True
5,1000,1000,1,4,0.5,20,600,1,1800,19,301,4259,52,1679,1673,177,4000,0,True,True,True,True
5,1000,1000,1,4,0.5,20,600,2,1800,0,315,4120,48,1661,1653,147,4000,0,True,True,True,True
5,1000,1000,1,4,0.5,20,600,2,1800,1,312,4263,42,1661,1654,176,4000,0,True,True,True,True
5,1000,1000,1,4,0.5,20,600,2,1800,2,307,4222,48,1663,1655,178,4000,0,True,True,True,True
5,1000,1000,1,4,0.5,20,600,2,1800,3,312,4302,46,1672,1663,171,4000,0,True,True,True,True
5,1000,1000,1,4,0.5,20,600,2,1800,4,303,4234,40,1683,1674,179,4000,0,True,True,True,True
5,1000,1000,1,4,0.5,20,600,2,1800,5,306,4144,55,1668,1660,140,4000,0,True,True,True,True
5,1000,1000,1,4,0.5,20,600,2,1800,6,300,4212,44,1676,1669,204,4000,0,True,True,True,True
5,1000,1000,1,4,0.5,20,600,2,1800,7,300,4287,23,1673,1665,161,4000,0,True,True,True,True
5,1000,1000,1,4,0.5,20,600,2,1800,8,327,4208,28,1661,1653,142,4000,0,True,True,True,True
5,1000,1000,1,4,0.5,20,600,2,1800,9,317,4243,43,1671,1663,161,4000,0,True,True,True,True
5,1000,1000,1,4,0.5,20,600,2,1800,10,287,4219,46,1681,1675,186,4000,0,True,True,True,True
5,1000,1000,1,4,0.5,20,600,2,1800,11,303,4240,44,1683,1672,204,4000,0,True,True,True,True
5,1000,1000,1,4,0.5,20,600,2,1800,12,289,4211,45,1678,1670,168,4000,0,True,True,True,True
5,1000,1000,1,4,0.5,20,600,2,1800,13,304,4192,36,1676,1667,158,4000,0,True,True,True,True
5,1000,1000,1,4,0.5,20,600,2,1800,14,302,4314,17,1675,1668,141,4000,0,True,True,True,True
5,1000,1000,1,4,0.5,20,600,2,1800,15,318,4250,54,1672,1663,221,4000,0,True,True,True,True
5,1000,1000,1,4,0.5,20,600,2,1800,16,316,4288,29,1668,1663,147,4000,0,True,True,True,True
5,1000,1000,1,4,0.5,20,600,2,1800,17,303,4230,29,1667,1660,157,4000,0,True,True,True,True
5,1000,1000,1,4,0.5,20,600,2,1800,18,303,4201,64,1686,1677,165,4000,0,True,True,True,True
5,1000,1000,1,4,0.5,20,600,2,1800,19,301,4259,52,1679,1673,177,4000,0,True,True,True,True
10,1000,300,2,2,0.05,20,600,1,1800,0,298,95,2,2,1,65,600,0,True,True,True,True
10,1000,300,2,2,0.05,20,600,1,1800,1,301,52,7,11,8,60,600,0,True,True,True,True
10,1000,300,2,2,0.05,20,600,1,1800,2,301,96,12,240,236,58,600,0,True,True,True,True
10,1000,300,2,2,0.05,20,600,1,1800,3,305,60,15,158,149,55,600,0,True,True,True,True
10,1000,300,2,2,0.05,20,600,1,1800,4,285,64,16,89,81,70,600,0,True,True,True,True
10,1000,300,2,2,0.05,20,600,1,1800,5,291,90,17,283,279,67,600,0,True,True,True,True
10,1000,300,2,2,0.05,20,600,1,1800,6,308,76,23,139,132,89,600,0,True,True,True,True
10,1000,300,2,2,0.05,20,600,1,1800,7,297,74,19,171,164,58,600,0,True,True,True,True
10,1000,300,2,2,0.05,20,600,1,1800,8,309,79,16,116,107,47,600,0,True,True,True,True
10,1000,300,2,2,0.05,20,600,1,1800,9,300,72,11,35,28,54,600,0,True,True,True,True
10,1000,300,2,2,0.05,20,600,1,1800,10,283,77,12,152,148,55,600,0,True,True,True,True
10,1000,300,2,2,0.05,20,600,1,1800,11,292,71,10,30,28,51,600,0,True,True,True,True
10,1000,300,2,2,0.05,20,600,1,1800,12,282,64,18,97,88,62,600,0,True,True,True,True
10,1000,300,2,2,0.05,20,600,1,1800,13,291,91,7,7,4,66,600,0,True,True,True,True
10,1000,300,2,2,0.05,20,600,1,1800,14,286,81,12,242,240,67,600,0,True,True,True,True
10,1000,300,2,2,0.05,20,600,1,1800,15,292,53,13,13,11,61,600,0,True,True,True,True
10,1000,300,2,2,0.05,20,600,1,1800,16,316,47,6,112,105,57,600,0,True,True,True,True
10,1000,300,2,2,0.05,20,600,1,1800,17,280,67,11,204,198,65,600,0,True,True,True,True
10,1000,300,2,2,0.05,20,600,1,1800,18,285,81,9,232,227,53,600,0,True,True,True,True
10,1000,300,2,2,0.05,20,600,1,1800,19,277,61,14,74,68,57,600,0,True,True,True,True
10,1000,300,2,2,0.05,20,600,2,1800,0,298,95,2,2,1,65,600,0,True,True,True,True
10,1000,300,2,2,0.05,20,600,2,1800,1,301,52,7,11,8,60,600,0,True,True,True,True
10,1000,300,2,2,0.05,20,600,2,1800,2,301,96,12,240,236,58,600,0,True,True,True,True
10,1000,300,2,2,0.05,20,600,2,1800,3,305,60,15,158,149,55,600,0,True,True,True,True
10,1000,300,2,2,0.05,20,600,2,1800,4,285,64,16,89,81,70,600,0,True,True,True,True
10,1000,300,2,2,0.05,20,600,2,1800,5,291,90,17,283,279,67,600,0,True,True,True,True
10,1000,300,2,2,0.05,20,600,2,1800,6,308,76,23,139,132,89,600,0,True,True,True,True
10,1000,300,2,2,0.05,20,600,2,1800,7,297,74,19,171,164,58,600,0,True,True,True,True
10,1000,300,2,2,0.05,20,600,2,1800,8,309,79,16,116,107,47,600,0,True,True,True,True
10,1000,300,2,2,0.05,20,600,2,1800,9,300,72,11,35,28,54,600,0,True,True,True,True
10,1000,300,2,2,0.05,20,600,2,1800,10,283,77,12,152,148,55,600,0,True,True,True,True
10,1000,300,2,2,0.05,20,600,2,1800,11,292,71,10,30,28,51,600,0,True,True,True,True
10,1000,300,2,2,0.05,20,600,2,1800,12,282,64,18,97,88,62,600,0,True,True,True,True
10,1000,300,2,2,0.05,20,600,2,1800,13,291,91,7,7,4,66,600,0,True,True,True,True
10,1000,300,2,2,0.05,20,600,2,1800,14,286,81,12,242,240,67,600,0,True,True,True,True
10,1000,300,2,2,0.05,20,600,2,1800,15,292,53,13,13,11,61,600,0,True,True,True,True
10,1000,300,2,2,0.05,20,600,2,1800,16,316,47,6,112,105,57,600,0,True,True,True,True
10,1000,300,2,2,0.05,20,600,2,1800,17,280,67,11,204,198,65,600,0,True,True,True,True
10,1000,300,2,2,0.05,20,600,2,1800,18,285,81,9,232,227,53,600,0,True,True,True,True
10,1000,300,2,2,0.05,20,600,2,1800,19,277,61,14,74,68,57,600,0,True,True,True,True
10,1000,300,2,2,0.5,20,600,1,1800,0,325,3255,54,1627,1609,155,600,0,True,True,True,True
10,1000,300,2,2,0.5,20,600,1,1800,1,337,3364,86,1629,1616,215,600,0,True,True,True,True
10,1000,300,2,2,0.5,20,600,1,1800,2,323,3301,85,1640,1617,192,600,0,True,True,True,True
10,1000,300,2,2,0.5,20,600,1,1800,3,311,3421,82,1660,1640,171,600,0,True,True,True,True
10,1000,300,2,2,0.5,20,600,1,1800,4,323,3309,81,1655,1642,188,600,0,True,True,True,True
10,1000,300,2,2,0.5,20,600,1,1800,5,316,3232,114,1660,1641,165,600,0,True,True,True,True
10,1000,300,2,2,0.5,20,600,1,1800,6,322,3318,58,1639,1626,174,600,0,True,True,True,True
10,1000,300,2,2,0.5,20,600,1,1800,7,311,3365,67,1639,1628,175,600,0,True,True,True,True
10,1000,300,2,2,0.5,20,600,1,1800,8,322,3276,83,1632,1620,174,600,0,True,True,True,True
10,1000,300,2,2,0.5,20,600,1,1800,9,320,3336,89,1660,1643,164,600,0,True,True,True,True
10,1000,300,2,2,0.5,20,600,1,1800,10,308,3309,92,1676,1642,197,600,0,True,True,True,True
10,1000,300,2,2,0.5,20,600,1,1800,11,307,3328,89,1642,1628,234,600,0,True,True,True,True
10,1000,300,2,2,0.5,20,600,1,1800,12,313,3274,85,1653,1636,213,600,0,True,True,True,True
10,1000,300,2,2,0.5,20,600,1,1800,13,309,3315,70,1639,1625,172,600,0,True,True,True,True
10,1000,300,2,2,0.5,20,600,1,1800,14,320,3375,90,1665,1649,181,600,0,True,True,True,True
10,1000,300,2,2,0.5,20,600,1,1800,15,315,3343,89,1643,1628,207,600,0,True,True,True,True
10,1000,300,2,2,0.5,20,600,1,1800,16,335,3341,64,1632,1617,154,600,0,True,True,True,True
10,1000,300,2,2,0.5,20,600,1,1800,17,308,3287,61,1646,1632,171,600,0,True,True,True,True
10,1000,300,2,2,0.5,20,600,1,1800,18,313,3286,105,1663,1641,183,600,0,True,True,True,True
10,1000,300,2,2,0.5,20,600,1,1800,19,308,3350,104,1660,1645,167,600,0,True,True,True,True
10,1000,300,2,2,0.5,20,600,2,1800,0,325,3255,54,1627,1609,155,600,0,True,True,True,True
10,1000,300,2,2,0.5,20,600,2,1800,1,337,3364,86,1629,1616,215,600,0,True,True,True,True
10,1000,300,2,2,0.5,20,600,2,1800,2,323,3301,85,1640,1617,192,600,0,True,True,True,True
10,1000,300,2,2,0.5,20,600,2,1800,3,311,3421,82,1660,1640,171,600,0,True,True,True,True
10,1000,300,2,2,0.5,20,600,2,1800,4,323,3309,81,1655,1642,188,600,0,True,True,True,True
10,1000,300,2,2,0.5,20,600,2,1800,5,316,3232,114,1660,1641,165,600,0,True,True,True,True
10,1000,300,2,2,0.5,20,600,2,1800,6,322,3318,58,1639,1626,174,600,0,True,True,True,True
10,1000,300,2,2,0.5,20,600,2,1800,7,311,3365,67,1639,1628,175,600,0,True,True,True,True
10,1000,300,2,2,0.5,20,600,2,1800,8,322,3276,83,1632,1620,174,600,0,True,True,True,True
10,1000,300,2,2,0.5,20,600,2,1800,9,320,3336,89,1660,1643,164,600,0,True,True,True,True
10,1000,300,2,2,0.5,20,600,2,1800,10,308,3309,92,1676,1642,197,600,0,True,True,True,True
10,1000,300,2,2,0.5,20,600,2,1800,11,307,3328,89,1642,1628,234,600,0,True,True,True,True
10,1000,300,2,2,0.5,20,600,2,1800,12,313,3274,85,1653,1636,213,600,0,True,True,True,True
10,1000,300,2,2,0.5,20,600,2,1800,13,309,3315,70,1639,1625,172,600,0,True,True,True,True
10,1000,300,2,2,0.5,20,600,2,1800,14,320,3375,90,1665,1649,181,600,0,True,True,True,True
10,1000,300,2,2,0.5,20,600,2,1800,15,315,3343,89,1643,1628,207,600,0,True,True,True,True
10,1000,300,2,2,0.5,20,600,2,1800,16,335,3341,64,1632,1617,154,600,0,True,True,True,True
10,1000,300,2,2,0.5,20,600,2,1800,17,308,3287,61,1646,1632,171,600,0,True,True,True,True
10,1000,300,2,2,0.5,20,600,2,1800,18,313,3286,105,1663,1641,183,600,0,True,True,True,True
10,1000,300,2,2,0.5,20,600,2,1800,19,308,3350,104,1660,1645,167,600,0,True,True,True,True
10,1000,300,1,4,0.05,20,600,1,1800,0,312,176,7,264,261,88,1200,0,True,True,True,True
10,1000,300,1,4,0.05,20,600,1,1800,1,310,133,8,143,142,74,1200,0,True,True,True,True
10,1000,300,1,4,0.05,20,600,1,1800,2,301,191,6,649,645,83,1200,0,True,True,True,True
10,1000,300,1,4,0.05,20,600,1,1800,3,309,144,26,373,367,72,1200,0,True,True,True,True
10,1000,300,1,4,0.05,20,600,1,1800,4,311,130,31,187,179,85,1200,0,True,True,True,True
10,1000,300,1,4,0.05,20,600,1,1800,5,295,193,14,360,354,74,1200,0,True,True,True,True
10,1000,300,1,4,0.05,20,600,1,1800,6,308,165,13,337,332,79,1200,0,True,True,True,True
10,1000,300,1,4,0.05,20,600,1,1800,7,305,167,17,458,446,69,1200,0,True,True,True,True
10,1000,300,1,4,0.05,20,600,1,1800,8,308,172,12,211,204,63,1200,0,True,True,True,True
10,1000,300,1,4,0.05,20,600,1,1800,9,307,146,11,172,166,74,1200,0,True,True,True,True
10,1000,300,1,4,0.05,20,600,1,1800,10,298,148,1,50,49,85,1200,0,True,True,True,True
10,1000,300,1,4,0.05,20,600,1,1800,11,272,168,6,210,208,86,1200,0,True,True,True,True
10,1000,300,1,4,0.05,20,600,1,1800,12,294,130,13,240,234,69,1200,0,True,True,True,True
10,1000,300,1,4,0.05,20,600,1,1800,13,301,178,1,68,67,83,1200,0,True,True,True,True
10,1000,300,1,4,0.05,20,600,1,1800,14,284,164,16,374,368,74,1200,0,True,True,True,True
10,1000,300,1,4,0.05,20,600,1,1800,15,303,120,16,336,333,91,1200,0,True,True,True,True
10,1000,300,1,4,0.05,20,600,1,1800,16,323,125,3,7,6,72,1200,0,True,True,True,True
10,1000,300,1,4,0.05,20,600,1,1800,17,301,145,16,161,159,90,1200,0,True,True,True,True
10,1000,300,1,4,0.05,20,600,1,1800,18,300,147,9,237,236,70,1200,0,True,True,True,True
10,1000,300,1,4,0.05,20,600,1,1800,19,297,122,22,280,275,86,1200,0,True,True,True,True
10,1000,300,1,4,0.05,20,600,2,1800,0,312,176,7,264,261,88,1200,0,True,True,True,True
10,1000,300,1,4,0.05,20,600,2,1800,1,310,133,8,143,142,74,1200,0,True,True,True,True
10,1000,300,1,4,0.05,20,600,2,1800,2,301,191,6,649,645,83,1200,0,True,True,True,True
10,1000,300,1,4,0.05,20,600,2,1800,3,309,144,26,373,367,72,1200,0,True,True,True,True
10,1000,300,1,4,0.05,20,600,2,1800,4,311,130,31,187,179,85,1200,0,True,True,True,True
10,1000,300,1,4,0.05,20,600,2,1800,5,295,193,14,360,354,74,1200,0,True,True,True,True
10,1000,300,1,4,0.05,20,600,2,1800,6,308,165,13,337,332,79,1200,0,True,True,True,True
10,1000,300,1,4,0.05,20,600,2,1800,7,305,167,17,458,446,69,1200,0,True,True,True,True
10,1000,300,1,4,0.05,20,600,2,1800,8,308,172,12,211,204,63,1200,0,True,True,True,True
10,1000,300,1,4,0.05,20,600,2,1800,9,307,146,11,172,166,74,1200,0,True,True,True,True
10,1000,300,1,4,0.05,20,600,2,1800,10,298,148,1,50,49,85,1200,0,True,True,True,True
10,1000,300,1,4,0.05,20,600,2,1800,11,272,168,6,210,208,86,1200,0,True,True,True,True
10,1000,300,1,4,0.05,20,600,2,1800,12,294,130,13,240,234,69,1200,0,True,True,True,True
10,1000,300,1,4,0.05,20,600,2,1800,13,301,178,1,68,67,83,1200,0,True,True,True,True
10,1000,300,1,4,0.05,20,600,2,1800,14,284,164,16,374,368,74,1200,0,True,True,True,True
10,1000,300,1,4,0.05,20,600,2,1800,15,303,120,16,336,333,91,1200,0,True,True,True,True
10,1000,300,1,4,0.05,20,600,2,1800,16,323,125,3,7,6,72,1200,0,True,True,True,True
10,1000,300,1,4,0.05,20,600,2,1800,17,301,145,16,161,159,90,1200,0,True,True,True,True
10,1000,300,1,4,0.05,20,600,2,1800,18,300,147,9,237,236,70,1200,0,True,True,True,True
10,1000,300,1,4,0.05,20,600,2,1800,19,297,122,22,280,275,86,1200,0,True,True,True,True
10,1000,300,1,4,0.5,20,600,1,1800,0,330,4105,89,1672,1651,242,1200,0,True,True,True,True
10,1000,300,1,4,0.5,20,600,1,1800,1,323,4252,65,1674,1654,317,1200,0,True,True,True,True
10,1000,300,1,4,0.5,20,600,1,1800,2,318,4211,95,1671,1654,334,1200,0,True,True,True,True
10,1000,300,1,4,0.5,20,600,1,1800,3,326,4288,67,1678,1659,301,1200,0,True,True,True,True
10,1000,300,1,4,0.5,20,600,1,1800,4,307,4230,67,1695,1673,304,1200,0,True,True,True,True
10,1000,300,1,4,0.5,20,600,1,1800,5,316,4134,96,1676,1664,258,1200,0,True,True,True,True
10,1000,300,1,4,0.5,20,600,1,1800,6,307,4205,63,1684,1666,342,1200,0,True,True,True,True
10,1000,300,1,4,0.5,20,600,1,1800,7,308,4279,65,1685,1668,306,1200,0,True,True,True,True
10,1000,300,1,4,0.5,20,600,1,1800,8,337,4198,83,1673,1655,243,1200,0,True,True,True,True
10,1000,300,1,4,0.5,20,600,1,1800,9,330,4230,82,1680,1661,255,1200,0,True,True,True,True
10,1000,300,1,4,0.5,20,600,1,1800,10,293,4213,105,1695,1678,313,1200,0,True,True,True,True
10,1000,300,1,4,0.5,20,600,1,1800,11,315,4228,78,1692,1673,325,1200,0,True,True,True,True
10,1000,300,1,4,0.5,20,600,1,1800,12,303,4197,87,1685,1668,279,1200,0,True,True,True,True
10,1000,300,1,4,0.5,20,600,1,1800,13,319,4177,77,1682,1666,272,1200,0,True,True,True,True
10,1000,300,1,4,0.5,20,600,1,1800,14,316,4300,75,1692,1666,260,1200,0,True,True,True,True
10,1000,300,1,4,0.5,20,600,1,1800,15,329,4239,82,1682,1665,314,1200,0,True,True,True,True
10,1000,300,1,4,0.5,20,600,1,1800,16,326,4278,68,1680,1665,273,1200,0,True,True,True,True
10,1000,300,1,4,0.5,20,600,1,1800,17,313,4220,82,1678,1660,286,1200,0,True,True,True,True
10,1000,300,1,4,0.5,20,600,1,1800,18,314,4190,102,1701,1674,273,1200,0,True,True,True,True
10,1000,300,1,4,0.5,20,600,1,1800,19,317,4243,99,1688,1671,307,1200,0,True,True,True,True
10,1000,300,1,4,0.5,20,600,2,1800,0,330,4105,89,1672,1651,242,1200,0,True,True,True,True
10,1000,300,1,4,0.5,20,600,2,1800,1,323,4252,65,1674,1654,317,1200,0,True,True,True,True
10,1000,300,1,4,0.5,20,600,2,1800,2,318,4211,95,1671,1654,334,1200,0,True,True,True,True
10,1000,300,1,4,0.5,20,600,2,1800,3,326,4288,67,1678,1659,301,1200,0,True,True,True,True
10,1000,300,1,4,0.5,20,600,2,1800,4,307,4230,67,1695,1673,304,1200,0,True,True,True,True
10,1000,300,1,4,0.5,20,600,2,1800,5,316,4134,96,1676,1664,258,1200,0,True,True,True,True
10,1000,300,1,4,0.5,20,600,2,1800,6,307,4205,63,1684,1666,342,1200,0,True,True,True,True
10,1000,300,1,4,0.5,20,600,2,1800,7,308,4279,65,1685,1668,306,1200,0,True,True,True,True
10,1000,300,1,4,0.5,20,600,2,1800,8,337,4198,83,1673,1655,243,1200,0,True,True,True,True
10,1000,300,1,4,0.5,20,600,2,1800,9,330,4230,82,1680,1661,255,1200,0,True,True,True,True
10,1000,300,1,4,0.5,20,600,2,1800,10,293,4213,105,1695,1678,313,1200,0,True,True,True,True
10,1000,300,1,4,0.5,20,600,2,1800,11,315,4228,78,1692,1673,325,1200,0,True,True,True,True
10,1000,300,1,4,0.5,20,600,2,1800,12,303,4197,87,1685,1668,279,1200,0,True,True,True,True
10,1000,300,1,4,0.5,20,600,2,1800,13,319,4177,77,1682,1666,272,1200,0,True,True,True,True
10,1000,300,1,4,0.5,20,600,2,1800,14,316,4300,75,1692,1666,260,1200,0,True,True,True,True
10,1000,300,1,4,0.5,20,600,2,1800,15,329,4239,82,1682,1665,314,1200,0,True,True,True,True
10,1000,300,1,4,0.5,20,600,2,1800,16,326,4278,68,1680,1665,273,1200,0,True,True,True,True
10,1000,300,1,4,0.5,20,600,2,1800,17,313,4220,82,1678,1660,286,1200,0,True,True,True,True
10,1000,300,1,4,0.5,20,600,2,1800,18,314,4190,102,1701,1674,273,1200,0,True,True,True,True
10,1000,300,1,4,0.5,20,600,2,1800,19,317,4243,99,1688,1671,307,1200,0,True,True,True,True
10,1000,1000,2,2,0.05,20,600,1,1800,0,295,98,17,295,286,72,2000,0,True,True,True,True
10,1000,1000,2,2,0.05,20,600,1,1800,1,304,49,19,141,129,60,2000,0,True,True,True,True
10,1000,1000,2,2,0.05,20,600,1,1800,2,294,103,25,288,271,58,2000,0,True,True,True,True
10,1000,1000,2,2,0.05,20,600,1,1800,3,305,60,25,180,169,55,2000,0,True,True,True,True
10,1000,1000,2,2,0.05,20,600,1,1800,4,293,56,17,213,196,70,2000,0,True,True,True,True
10,1000,1000,2,2,0.05,20,600,1,1800,5,294,87,25,406,396,67,2000,0,True,True,True,True
10,1000,1000,2,2,0.05,20,600,1,1800,6,296,88,24,203,185,89,2000,0,True,True,True,True
10,1000,1000,2,2,0.05,20,600,1,1800,7,293,78,30,366,338,61,2000,0,True,True,True,True
10,1000,1000,2,2,0.05,20,600,1,1800,8,310,78,22,267,235,57,2000,0,True,True,True,True
10,1000,1000,2,2,0.05,20,600,1,1800,9,305,67,27,114,98,61,2000,0,True,True,True,True
10,1000,1000,2,2,0.05,20,600,1,1800,10,287,73,19,261,245,65,2000,0,True,True,True,True
10,1000,1000,2,2,0.05,20,600,1,1800,11,288,75,21,248,233,60,2000,0,True,True,True,True
10,1000,1000,2,2,0.05,20,600,1,1800,12,292,54,36,191,171,62,2000,0,True,True,True,True
10,1000,1000,2,2,0.05,20,600,1,1800,13,292,90,18,237,228,75,2000,0,True,True,True,True
10,1000,1000,2,2,0.05,20,600,1,1800,14,289,78,24,350,333,67,2000,0,True,True,True,True
10,1000,1000,2,2,0.05,20,600,1,1800,15,294,51,13,177,171,62,2000,0,True,True,True,True
10,1000,1000,2,2,0.05,20,600,1,1800,16,312,51,13,183,167,50,2000,0,True,True,True,True
10,1000,1000,2,2,0.05,20,600,1,1800,17,288,59,17,290,277,72,2000,0,True,True,True,True
10,1000,1000,2,2,0.05,20,600,1,1800,18,287,79,24,194,186,53,2000,0,True,True,True,True
10,1000,1000,2,2,0.05,20,600,1,1800,19,285,53,28,110,95,57,2000,0,True,True,True,True
10,1000,1000,2,2,0.05,20,600,2,1800,0,295,98,17,295,286,72,2000,0,True,True,True,True
10,1000,1000,2,2,0.05,20,600,2,1800,1,304,49,19,141,129,60,2000,0,True,True,True,True
10,1000,1000,2,2,0.05,20,600,2,1800,2,294,103,25,288,271,58,2000,0,True,True,True,True
10,1000,1000,2,2,0.05,20,600,2,1800,3,305,60,25,180,169,55,2000,0,True,True,True,True
10,1000,1000,2,2,0.05,20,600,2,1800,4,293,56,17,213,196,70,2000,0,True,True,True,True
10,1000,1000,2,2,0.05,20,600,2,1800,5,294,87,25,406,396,67,2000,0,True,True,True,True
10,1000,1000,2,2,0.05,20,600,2,1800,6,296,88,24,203,185,89,2000,0,True,True,True,True
10,1000,1000,2,2,0.05,20,600,2,1800,7,293,78,30,366,338,61,2000,0,True,True,True,True
10,1000,1000,2,2,0.05,20,600,2,1800,8,310,78,22,267,235,57,2000,0,True,True,True,True
10,1000,1000,2,2,0.05,20,600,2,1800,9,305,67,27,114,98,61,2000,0,True,True,True,True
10,1000,1000,2,2,0.05,20,600,2,1800,10,287,73,19,261,245,65,2000,0,True,True,True,True
10,1000,1000,2,2,0.05,20,600,2,1800,11,288,75,21,248,233,60,2000,0,True,True,True,True
10,1000,1000,2,2,0.05,20,600,2,1800,12,292,54,36,191,171,62,2000,0,True,True,True,True
10,1000,1000,2,2,0.05,20,600,2,1800,13,292,90,18,237,228,75,2000,0,True,True,True,True
10,1000,1000,2,2,0.05,20,600,2,1800,14,289,78,24,350,333,67,2000,0,True,True,True,True
10,1000,1000,2,2,0.05,20,600,2,1800,15,294,51,13,177,171,62,2000,0,True,True,True,True
10,1000,1000,2,2,0.05,20,600,2,1800,16,312,51,13,183,167,50,2000,0,True,True,True,True
10,1000,1000,2,2,0.05,20,600,2,1800,17,288,59,17,290,277,72,2000,0,True,True,True,True
10,1000,1000,2,2,0.05,20,600,2,1800,18,287,79,24,194,186,53,2000,0,True,True,True,True
10,1000,1000,2,2,0.05,20,600,2,1800,19,285,53,28,110,95,57,2000,0,True,True,True,True
10,1000,1000,2,2,0.5,20,600,1,1800,0,333,3247,104,1638,1620,155,2000,0,True,True,True,True
10,1000,1000,2,2,0.5,20,600,1,1800,1,340,3361,101,1643,1620,215,2000,0,True,True,True,True
10,1000,1000,2,2,0.5,20,600,1,1800,2,329,3295,126,1639,1619,204,2000,0,True,True,True,True
10,1000,1000,2,2,0.5,20,600,1,1800,3,313,3419,102,1671,1645,171,2000,0,True,True,True,True
10,1000,1000,2,2,0.5,20,600,1,1800,4,325,3307,107,1668,1641,188,2000,0,True,True,True,True
10,1000,1000,2,2,0.5,20,600,1,1800,5,320,3228,114,1662,1642,165,2000,0,True,True,True,True
10,1000,1000,2,2,0.5,20,600,1,1800,6,325,3315,87,1646,1630,174,2000,0,True,True,True,True
10,1000,1000,2,2,0.5,20,600,1,1800,7,322,3354,115,1643,1628,175,2000,0,True,True,True,True
10,1000,1000,2,2,0.5,20,600,1,1800,8,322,3276,99,1650,1632,174,2000,0,True,True,True,True
10,1000,1000,2,2,0.5,20,600,1,1800,9,319,3337,113,1660,1646,164,2000,0,True,True,True,True
10,1000,1000,2,2,0.5,20,600,1,1800,10,307,3310,102,1672,1646,197,2000,0,True,True,True,True
10,1000,1000,2,2,0.5,20,600,1,1800,11,310,3325,118,1658,1636,234,2000,0,True,True,True,True
10,1000,1000,2,2,0.5,20,600,1,1800,12,314,3273,93,1657,1638,213,2000,0,True,True,True,True
10,1000,1000,2,2,0.5,20,600,1,1800,13,312,3312,73,1642,1625,172,2000,0,True,True,True,True
10,1000,1000,2,2,0.5,20,600,1,1800,14,321,3374,98,1669,1652,181,2000,0,True,True,True,True
10,1000,1000,2,2,0.5,20,600,1,1800,15,319,3339,108,1654,1635,207,2000,0,True,True,True,True
10,1000,1000,2,2,0.5,20,600,1,1800,16,334,3342,62,1631,1617,154,2000,0,True,True,True,True
10,1000,1000,2,2,0.5,20,600,1,1800,17,312,3283,103,1669,1646,194,2000,0,True,True,True,True
10,1000,1000,2,2,0.5,20,600,1,1800,18,317,3282,125,1669,1645,196,2000,0,True,True,True,True
10,1000,1000,2,2,0.5,20,600,1,1800,19,322,3336,138,1664,1646,167,2000,0,True,True,True,True
10,1000,1000,2,2,0.5,20,600,2,1800,0,333,3247,104,1638,1620,155,2000,0,True,True,True,True
10,1000,1000,2,2,0.5,20,600,2,1800,1,340,3361,101,1643,1620,215,2000,0,True,True,True,True
10,1000,1000,2,2,0.5,20,600,2,1800,2,329,3295,126,1639,1619,204,2000,0,True,True,True,True
10,1000,1000,2,2,0.5,20,600,2,1800,3,313,3419,102,1671,1645,171,2000,0,True,True,True,True
10,1000,1000,2,2,0.5,20,600,2,1800,4,325,3307,107,1668,1641,188,2000,0,True,True,True,True
10,1000,1000,2,2,0.5,20,600,2,1800,5,320,3228,114,1662,1642,165,2000,0,True,True,True,True
10,1000,1000,2,2,0.5,20,600,2,1800,6,325,3315,87,1646,1630,174,2000,0,True,True,True,True
10,1000,1000,2,2,0.5,20,600,2,1800,7,322,3354,115,1643,1628,175,2000,0,True,True,True,True
10,1000,1000,2,2,0.5,20,600,2,1800,8,322,3276,99,1650,1632,174,2000,0,True,True,True,True
10,1000,1000,2,2,0.5,20,600,2,1800,9,319,3337,113,1660,1646,164,2000,0,True,True,True,True
10,1000,1000,2,2,0.5,20,600,2,1800,10,307,3310,102,1672,1646,197,2000,0,True,True,True,True
10,1000,1000,2,2,0.5,20,600,2,1800,11,310,3325,118,1658,1636,234,2000,0,True,True,True,True
10,1000,1000,2,2,0.5,20,600,2,1800,12,314,3273,93,1657,1638,213,2000,0,True,True,True,True
10,1000,1000,2,2,0.5,20,600,2,1800,13,312,3312,73,1642,1625,172,2000,0,True,True,True,True
10,1000,1000,2,2,0.5,20,600,2,1800,14,321,3374,98,1669,1652,181,2000,0,True,True,True,True
10,1000,1000,2,2,0.5,20,600,2,1800,15,319,3339,108,1654,1635,207,2000,0,True,True,True,True
10,1000,1000,2,2,0.5,20,600,2,1800,16,334,3342,62,1631,1617,154,2000,0,True,True,True,True
10,1000,1000,2,2,0.5,20,600,2,1800,17,312,3283,103,1669,1646,194,2000,0,True,True,True,True
10,1000,1000,2,2,0.5,20,600,2,1800,18,317,3282,125,1669,1645,196,2000,0,True,True,True,True
10,1000,1000,2,2,0.5,20,600,2,1800,19,322,3336,138,1664,1646,167,2000,0,True,True,True,True
10,1000,1000,1,4,0.05,20,600,1,1800,0,298,190,17,749,737,88,4000,0,True,True,True,True
10,1000,1000,1,4,0.05,20,600,1,1800,1,307,136,14,77,69,74,4000,0,True,True,True,True
10,1000,1000,1,4,0.05,20,600,1,1800,2,303,189,17,461,450,83,4000,0,True,True,True,True
10,1000,1000,1,4,0.05,20,600,1,1800,3,306,147,28,237,230,72,4000,0,True,True,True,True
10,1000,1000,1,4,0.05,20,600,1,1800,4,304,137,24,238,221,78,4000,0,True,True,True,True
10,1000,1000,1,4,0.05,20,600,1,1800,5,291,197,22,568,557,74,4000,0,True,True,True,True
10,1000,1000,1,4,0.05,20,600,1,1800,6,298,175,13,574,563,86,4000,0,True,True,True,True
10,1000,1000,1,4,0.05,20,600,1,1800,7,297,175,31,617,597,83,4000,0,True,True,True,True
10,1000,1000,1,4,0.05,20,600,1,1800,8,307,173,21,378,353,66,4000,0,True,True,True,True
10,1000,1000,1,4,0.05,20,600,1,1800,9,308,145,18,206,188,74,4000,0,True,True,True,True
10,1000,1000,1,4,0.05,20,600,1,1800,10,287,159,17,219,207,92,4000,0,True,True,True,True
10,1000,1000,1,4,0.05,20,600,1,1800,11,270,170,21,282,269,86,4000,0,True,True,True,True
10,1000,1000,1,4,0.05,20,600,1,1800,12,292,132,13,447,438,77,4000,0,True,True,True,True
10,1000,1000,1,4,0.05,20,600,1,1800,13,292,187,32,466,451,75,4000,0,True,True,True,True
10,1000,1000,1,4,0.05,20,600,1,1800,14,282,166,19,558,550,89,4000,0,True,True,True,True
10,1000,1000,1,4,0.05,20,600,1,1800,15,296,127,12,578,569,91,4000,0,True,True,True,True
10,1000,1000,1,4,0.05,20,600,1,1800,16,318,130,20,84,70,67,4000,0,True,True,True,True
10,1000,1000,1,4,0.05,20,600,1,1800,17,296,150,13,219,210,71,4000,0,True,True,True,True
10,1000,1000,1,4,0.05,20,600,1,1800,18,298,149,19,293,281,74,4000,0,True,True,True,True
10,1000,1000,1,4,0.05,20,600,1,1800,19,285,134,22,398,393,86,4000,0,True,True,True,True
10,1000,1000,1,4,0.05,20,600,2,1800,0,298,190,17,749,737,88,4000,0,True,True,True,True
10,1000,1000,1,4,0.05,20,600,2,1800,1,307,136,14,77,69,74,4000,0,True,True,True,True
10,1000,1000,1,4,0.05,20,600,2,1800,2,303,189,17,461,450,83,4000,0,True,True,True,True
10,1000,1000,1,4,0.05,20,600,2,1800,3,306,147,28,237,230,72,4000,0,True,True,True,True
10,1000,1000,1,4,0.05,20,600,2,1800,4,304,137,24,238,221,78,4000,0,True,True,True,True
10,1000,1000,1,4,0.05,20,600,2,1800,5,291,197,22,568,557,74,4000,0,True,True,True,True
10,1000,1000,1,4,0.05,20,600,2,1800,6,298,175,13,574,563,86,4000,0,True,True,True,True
10,1000,1000,1,4,0.05,20,600,2,1800,7,297,175,31,617,597,83,4000,0,True,True,True,True
10,1000,1000,1,4,0.05,20,600,2,1800,8,307,173,21,378,353,66,4000,0,True,True,True,True
10,1000,1000,1,4,0.05,20,600,2,1800,9,308,145,18,206,188,74,4000,0,True,True,True,True
10,1000,1000,1,4,0.05,20,600,2,1800,10,287,159,17,219,207,92,4000,0,True,True,True,True
10,1000,1000,1,4,0.05,20,600,2,1800,11,270,170,21,282,269,86,4000,0,True,True,True,True
10,1000,1000,1,4,0.05,20,600,2,1800,12,292,132,13,447,438,77,4000,0,True,True,True,True
10,1000,1000,1,4,0.05,20,600,2,1800,13,292,187,32,466,451,75,4000,0,True,True,True,True
10,1000,1000,1,4,0.05,20,600,2,1800,14,282,166,19,558,550,89,4000,0,True,True,True,True
10,1000,1000,1,4,0.05,20,600,2,1800,15,296,127,12,578,569,91,4000,0,True,True,True,True
10,1000,1000,1,4,0.05,20,600,2,1800,16,318,130,20,84,70,67,4000,0,True,True,True,True
10,1000,1000,1,4,0.05,20,600,2,1800,17,296,150,13,219,210,71,4000,0,True,True,True,True
10,1000,1000,1,4,0.05,20,600,2,1800,18,298,149,19,293,281,74,4000,0,True,True,True,True
10,1000,1000,1,4,0.05,20,600,2,1800,19,285,134,22,398,393,86,4000,0,True,True,True,True
10,1000,1000,1,4,0.5,20,600,1,1800,0,331,4104,96,1672,1651,242,4000,0,True,True,True,True
10,1000,1000,1,4,0.5,20,600,1,1800,1,323,4252,65,1674,1654,317,4000,0,True,True,True,True
10,1000,1000,1,4,0.5,20,600,1,1800,2,318,4211,95,1671,1654,334,4000,0,True,True,True,True
10,1000,1000,1,4,0.5,20,600,1,1800,3,328,4286,81,1685,1658,301,4000,0,True,True,True,True
10,1000,1000,1,4,0.5,20,600,1,1800,4,307,4230,67,1695,1673,304,4000,0,True,True,True,True
10,1000,1000,1,4,0.5,20,600,1,1800,5,316,4134,96,1676,1664,258,4000,0,True,True,True,True
10,1000,1000,1,4,0.5,20,600,1,1800,6,307,4205,63,1684,1666,342,4000,0,True,True,True,True
10,1000,1000,1,4,0.5,20,600,1,1800,7,308,4279,65,1685,1668,306,4000,0,True,True,True,True
10,1000,1000,1,4,0.5,20,600,1,1800,8,337,4198,83,1673,1655,243,4000,0,True,True,True,True
10,1000,1000,1,4,0.5,20,600,1,1800,9,330,4230,82,1680,1661,255,4000,0,True,True,True,True
10,1000,1000,1,4,0.5,20,600,1,1800,10,293,4213,105,1695,1678,313,4000,0,True,True,True,True
10,1000,1000,1,4,0.5,20,600,1,1800,11,315,4228,78,1692,1673,325,4000,0,True,True,True,True
10,1000,1000,1,4,0.5,20,600,1,1800,12,303,4197,87,1685,1668,279,4000,0,True,True,True,True
10,1000,1000,1,4,0.5,20,600,1,1800,13,319,4177,77,1682,1666,272,4000,0,True,True,True,True
10,1000,1000,1,4,0.5,20,600,1,1800,14,316,4300,75,1692,1666,260,4000,0,True,True,True,True
10,1000,1000,1,4,0.5,20,600,1,1800,15,329,4239,82,1682,1665,314,4000,0,True,True,True,True
10,1000,1000,1,4,0.5,20,600,1,1800,16,326,4278,68,1680,1665,273,4000,0,True,True,True,True
10,1000,1000,1,4,0.5,20,600,1,1800,17,313,4220,82,1678,1660,286,4000,0,True,True,True,True
10,1000,1000,1,4,0.5,20,600,1,1800,18,314,4190,102,1701,1674,273,4000,0,True,True,True,True
10,1000,1000,1,4,0.5,20,600,1,1800,19,317,4243,99,1688,1671,307,4000,0,True,True,True,True
10,1000,1000,1,4,0.5,20,600,2,1800,0,331,4104,96,1672,1651,242,4000,0,True,True,True,True
10,1000,1000,1,4,0.5,20,600,2,1800,1,323,4252,65,1674,1654,317,4000,0,True,True,True,True
10,1000,1000,1,4,0.5,20,600,2,1800,2,318,4211,95,1671,1654,334,4000,0,True,True,True,True
10,1000,1000,1,4,0.5,20,600,2,1800,3,328,4286,81,1685,1658,301,4000,0,True,True,True,True
10,1000,1000,1,4,0.5,20,600,2,1800,4,307,4230,67,1695,1673,304,4000,0,True,True,True,True
10,1000,1000,1,4,0.5,20,600,2,1800,5,316,4134,96,1676,1664,258,4000,0,True,True,True,True
10,1000,1000,1,4,0.5,20,600,2,1800,6,307,4205,63,1684,1666,342,4000,0,True,True,True,True
10,1000,1000,1,4,0.5,20,600,2,1800,7,308,4279,65,1685,1668,306,4000,0,True,True,True,True
10,1000,1000,1,4,0.5,20,600,2,1800,8,337,4198,83,1673,1655,243,4000,0,True,True,True,True
10,1000,1000,1,4,0.5,20,600,2,1800,9,330,4230,82,1680,1661,255,4000,0,True,True,True,True
10,1000,1000,1,4,0.5,20,600,2,1800,10,293,4213,105,1695,1678,313,4000,0,True,True,True,True
10,1000,1000,1,4,0.5,20,600,2,1800,11,315,4228,78,1692,1673,325,4000,0,True,True,True,True
10,1000,1000,1,4,0.5,20,600,2,1800,12,303,4197,87,1685,1668,279,4000,0,True,True,True,True
10,1000,1000,1,4,0.5,20,600,2,1800,13,319,4177,77,1682,1666,272,4000,0,True,True,True,True
10,1000,1000,1,4,0.5,20,600,2,1800,14,316,4300,75,1692,1666,260,4000,0,True,True,True,True
10,1000,1000,1,4,0.5,20,600,2,1800,15,329,4239,82,1682,1665,314,4000,0,True,True,True,True
10,1000,1000,1,4,0.5,20,600,2,1800,16,326,4278,68,1680,1665,273,4000,0,True,True,True,True
10,1000,1000,1,4,0.5,20,600,2,1800,17,313,4220,82,1678,1660,286,4000,0,True,True,True,True
10,1000,1000,1,4,0.5,20,600,2,1800,18,314,4190,102,1701,1674,273,4000,0,True,True,True,True
10,1000,1000,1,4,0.5,20,600,2,1800,19,317,4243,99,1688,1671,307,4000,0,True,True,True,True
30,1000,300,2,2,0.05,20,600,1,1800,0,301,92,37,353,333,96,600,0,True,True,True,True
30,1000,300,2,2,0.05,20,600,1,1800,1,298,55,22,153,148,96,600,0,True,True,True,True
30,1000,300,2,2,0.05,20,600,1,1800,2,304,93,33,418,412,106,600,0,True,True,True,True
30,1000,300,2,2,0.05,20,600,1,1800,3,304,61,44,239,219,85,600,0,True,True,True,True
30,1000,300,2,2,0.05,20,600,1,1800,4,290,59,33,161,140,85,600,0,True,True,True,True
30,1000,300,2,2,0.05,20,600,1,1800,5,292,89,33,328,319,109,600,0,True,True,True,True
30,1000,300,2,2,0.05,20,600,1,1800,6,306,78,24,301,286,132,600,0,True,True,True,True
30,1000,300,2,2,0.05,20,600,1,1800,7,297,74,26,287,271,109,600,0,True,True,True,True
30,1000,300,2,2,0.05,20,600,1,1800,8,311,77,31,197,171,94,600,0,True,True,True,True
30,1000,300,2,2,0.05,20,600,1,1800,9,300,72,40,215,181,97,600,0,True,True,True,True
30,1000,300,2,2,0.05,20,600,1,1800,10,285,75,37,234,223,95,600,0,True,True,True,True
30,1000,300,2,2,0.05,20,600,1,1800,11,295,68,21,104,94,85,600,0,True,True,True,True
30,1000,300,2,2,0.05,20,600,1,1800,12,281,65,73,245,216,88,600,0,True,True,True,True
30,1000,300,2,2,0.05,20,600,1,1800,13,295,87,22,150,134,114,600,0,True,True,True,True
30,1000,300,2,2,0.05,20,600,1,1800,14,287,80,23,259,254,103,600,0,True,True,True,True
30,1000,300,2,2,0.05,20,600,1,1800,15,296,49,28,169,160,123,600,0,True,True,True,True
30,1000,300,2,2,0.05,20,600,1,1800,16,321,42,45,278,245,114,600,0,True,True,True,True
30,1000,300,2,2,0.05,20,600,1,1800,17,280,67,43,284,268,103,600,0,True,True,True,True
30,1000,300,2,2,0.05,20,600,1,1800,18,286,80,23,265,253,90,600,0,True,True,True,True
30,1000,300,2,2,0.05,20,600,1,1800,19,279,59,41,189,173,88,600,0,True,True,True,True
30,1000,300,2,2,0.05,20,600,2,1800,0,301,92,37,353,333,96,600,0,True,True,True,True
30,1000,300,2,2,0.05,20,600,2,1800,1,298,55,22,153,148,96,600,0,True,True,True,True
30,1000,300,2,2,0.05,20,600,2,1800,2,304,93,33,418,412,106,600,0,True,True,True,True
30,1000,300,2,2,0.05,20,600,2,1800,3,304,61,44,239,219,85,600,0,True,True,True,True
30,1000,300,2,2,0.05,20,600,2,1800,4,290,59,33,161,140,85,600,0,True,True,True,True
30,1000,300,2,2,0.05,20,600,2,1800,5,292,89,33,328,319,109,600,0,True,True,True,True
30,1000,300,2,2,0.05,20,600,2,1800,6,306,78,24,301,286,132,600,0,True,True,True,True
30,1000,300,2,2,0.05,20,600,2,1800,7,297,74,26,287,271,109,600,0,True,True,True,True
30,1000,300,2,2,0.05,20,600,2,1800,8,311,77,31,197,171,94,600,0,True,True,True,True
30,1000,300,2,2,0.05,20,600,2,1800,9,300,72,40,215,181,97,600,0,True,True,True,True
30,1000,300,2,2,0.05,20,600,2,1800,10,285,75,37,234,223,95,600,0,True,True,True,True
30,1000,300,2,2,0.05,20,600,2,1800,11,295,68,21,104,94,85,600,0,True,True,True,True
30,1000,300,2,2,0.05,20,600,2,1800,12,281,65,73,245,216,88,600,0,True,True,True,True
30,1000,300,2,2,0.05,20,600,2,1800,13,295,87,22,150,134,114,600,0,True,True,True,True
30,1000,300,2,2,0.05,20,600,2,1800,14,287,80,23,259,254,103,600,0,True,True,True,True
30,1000,300,2,2,0.05,20,600,2,1800,15,296,49,28,169,160,123,600,0,True,True,True,True
30,1000,300,2,2,0.05,20,600,2,1800,16,321,42,45,278,245,114,600,0,True,True,True,True
30,1000,300,2,2,0.05,20,600,2,1800,17,280,67,43,284,268,103,600,0,True,True,True,True
30,1000,300,2,2,0.05,20,600,2,1800,18,286,80,23,265,253,90,600,0,True,True,True,True
30,1000,300,2,2,0.05,20,600,2,1800,19,279,59,41,189,173,88,600,0,True,True,True,True
30,1000,300,2,2,0.5,20,600,1,1800,0,353,3227,136,1641,1595,344,600,0,True,True,True,True
30,1000,300,2,2,0.5,20,600,1,1800,1,358,3343,161,1649,1614,439,600,0,True,True,True,True
30,1000,300,2,2,0.5,20,600,1,1800,2,336,3288,183,1641,1608,389,600,0,True,True,True,True
30,1000,300,2,2,0.5,20,600,1,1800,3,337,3395,184,1670,1627,399,600,0,True,True,True,True
30,1000,300,2,2,0.5,20,600,1,1800,4,342,3290,193,1671,1628,391,600,0,True,True,True,True
30,1000,300,2,2,0.5,20,600,1,1800,5,340,3208,196,1665,1625,379,600,0,True,True,True,True
30,1000,300,2,2,0.5,20,600,1,1800,6,344,3296,187,1660,1631,423,600,0,True,True,True,True
30,1000,300,2,2,0.5,20,600,1,1800,7,340,3336,172,1647,1611,374,600,0,True,True,True,True
30,1000,300,2,2,0.5,20,600,1,1800,8,341,3257,191,1652,1612,390,600,0,True,True,True,True
30,1000,300,2,2,0.5,20,600,1,1800,9,337,3319,196,1674,1636,410,600,0,True,True,True,True
30,1000,300,2,2,0.5,20,600,1,1800,10,334,3283,180,1655,1619,465,600,0,True,True,True,True
30,1000,300,2,2,0.5,20,600,1,1800,11,325,3310,171,1661,1619,449,600,0,True,True,True,True
30,1000,300,2,2,0.5,20,600,1,1800,12,336,3251,194,1685,1630,400,600,0,True,True,True,True
30,1000,300,2,2,0.5,20,600,1,1800,13,328,3296,137,1652,1619,437,600,0,True,True,True,True
30,1000,300,2,2,0.5,20,600,1,1800,14,332,3363,192,1667,1635,383,600,0,True,True,True,True
30,1000,300,2,2,0.5,20,600,1,1800,15,338,3320,188,1662,1615,372,600,0,True,True,True,True
30,1000,300,2,2,0.5,20,600,1,1800,16,365,3311,181,1702,1616,339,600,0,True,True,True,True
30,1000,300,2,2,0.5,20,600,1,1800,17,332,3263,145,1665,1624,404,600,0,True,True,True,True
30,1000,300,2,2,0.5,20,600,1,1800,18,322,3277,197,1677,1641,381,600,0,True,True,True,True
30,1000,300,2,2,0.5,20,600,1,1800,19,328,3330,164,1683,1636,407,600,0,True,True,True,True
30,1000,300,2,2,0.5,20,600,2,1800,0,353,3227,136,1641,1595,344,600,0,True,True,True,True
30,1000,300,2,2,0.5,20,600,2,1800,1,358,3343,161,1649,1614,439,600,0,True,True,True,True
30,1000,300,2,2,0.5,20,600,2,1800,2,336,3288,183,1641,1608,389,600,0,True,True,True,True
30,1000,300,2,2,0.5,20,600,2,1800,3,337,3395,184,1670,1627,399,600,0,True,True,True,True
30,1000,300,2,2,0.5,20,600,2,1800,4,342,3290,193,1671,1628,391,600,0,True,True,True,True
30,1000,300,2,2,0.5,20,600,2,1800,5,340,3208,196,1665,1625,379,600,0,True,True,True,True
30,1000,300,2,2,0.5,20,600,2,1800,6,344,3296,187,1660,1631,423,600,0,True,True,True,True
30,1000,300,2,2,0.5,20,600,2,1800,7,340,3336,172,1647,1611,374,600,0,True,True,True,True
30,1000,300,2,2,0.5,20,600,2,1800,8,341,3257,191,1652,1612,390,600,0,True,True,True,True
30,1000,300,2,2,0.5,20,600,2,1800,9,337,3319,196,1674,1636,410,600,0,True,True,True,True
30,1000,300,2,2,0.5,20,600,2,1800,10,334,3283,180,1655,1619,465,600,0,True,True,True,True
30,1000,300,2,2,0.5,20,600,2,1800,11,325,3310,171,1661,1619,449,600,0,True,True,True,True
30,1000,300,2,2,0.5,20,600,2,1800,12,336,3251,194,1685,1630,400,600,0,True,True,True,True
30,1000,300,2,2,0.5,20,600,2,1800,13,328,3296,137,1652,1619,437,600,0,True,True,True,True
30,1000,300,2,2,0.5,20,600,2,1800,14,332,3363,192,1667,1635,383,600,0,True,True,True,True
30,1000,300,2,2,0.5,20,600,2,1800,15,338,3320,188,1662,1615,372,600,0,True,True,True,True
30,1000,300,2,2,0.5,20,600,2,1800,16,365,3311,181,1702,1616,339,600,0,True,True,True,True
30,1000,300,2,2,0.5,20,600,2,1800,17,332,3263,145,1665,1624,404,600,0,True,True,True,True
30,1000,300,2,2,0.5,20,600,2,1800,18,322,3277,197,1677,1641,381,600,0,True,True,True,True
30,1000,300,2,2,0.5,20,600,2,1800,19,328,3330,164,1683,1636,407,600,0,True,True,True,True
30,1000,300,1,4,0.05,20,600,1,1800,0,314,174,36,595,581,148,1200,0,True,True,True,True
30,1000,300,1,4,0.05,20,600,1,1800,1,310,133,29,508,500,139,1200,0,True,True,True,True
30,1000,300,1,4,0.05,20,600,1,1800,2,310,182,46,705,687,184,1200,0,True,True,True,True
30,1000,300,1,4,0.05,20,600,1,1800,3,314,139,46,496,484,148,1200,0,True,True,True,True
30,1000,300,1,4,0.05,20,600,1,1800,4,313,128,33,413,388,118,1200,0,True,True,True,True
30,1000,300,1,4,0.05,20,600,1,1800,5,300,188,34,640,622,109,1200,0,True,True,True,True
30,1000,300,1,4,0.05,20,600,1,1800,6,312,161,21,515,504,134,1200,0,True,True,True,True
30,1000,300,1,4,0.05,20,600,1,1800,7,308,164,51,513,493,136,1200,0,True,True,True,True
30,1000,300,1,4,0.05,20,600,1,1800,8,305,175,33,356,341,118,1200,0,True,True,True,True
30,1000,300,1,4,0.05,20,600,1,1800,9,311,142,41,405,381,121,1200,0,True,True,True,True
30,1000,300,1,4,0.05,20,600,1,1800,10,297,149,18,406,398,129,1200,0,True,True,True,True
30,1000,300,1,4,0.05,20,600,1,1800,11,276,164,18,522,515,155,1200,0,True,True,True,True
30,1000,300,1,4,0.05,20,600,1,1800,12,297,127,25,429,416,131,1200,0,True,True,True,True
30,1000,300,1,4,0.05,20,600,1,1800,13,297,182,24,435,430,159,1200,0,True,True,True,True
30,1000,300,1,4,0.05,20,600,1,1800,14,287,161,33,630,615,128,1200,0,True,True,True,True
30,1000,300,1,4,0.05,20,600,1,1800,15,307,116,26,416,405,160,1200,0,True,True,True,True
30,1000,300,1,4,0.05,20,600,1,1800,16,317,131,25,388,375,122,1200,0,True,True,True,True
30,1000,300,1,4,0.05,20,600,1,1800,17,303,143,35,265,260,139,1200,0,True,True,True,True
30,1000,300,1,4,0.05,20,600,1,1800,18,299,148,23,486,480,153,1200,0,True,True,True,True
30,1000,300,1,4,0.05,20,600,1,1800,19,295,124,32,339,330,135,1200,0,True,True,True,True
30,1000,300,1,4,0.05,20,600,2,1800,0,314,174,36,595,581,148,1200,0,True,True,True,True
30,1000,300,1,4,0.05,20,600,2,1800,1,310,133,29,508,500,139,1200,0,True,True,True,True
30,1000,300,1,4,0.05,20,600,2,1800,2,310,182,46,705,687,184,1200,0,True,True,True,True
30,1000,300,1,4,0.05,20,600,2,1800,3,314,139,46,496,484,148,1200,0,True,True,True,True
30,1000,300,1,4,0.05,20,600,2,1800,4,313,128,33,413,388,118,1200,0,True,True,True,True
30,1000,300,1,4,0.05,20,600,2,1800,5,300,188,34,640,622,109,1200,0,True,True,True,True
30,1000,300,1,4,0.05,20,600,2,1800,6,312,161,21,515,504,134,1200,0,True,True,True,True
30,1000,300,1,4,0.05,20,600,2,1800,7,308,164,51,513,493,136,1200,0,True,True,True,True
30,1000,300,1,4,0.05,20,600,2,1800,8,305,175,33,356,341,118,1200,0,True,True,True,True
30,1000,300,1,4,0.05,20,600,2,1800,9,311,142,41,405,381,121,1200,0,True,True,True,True
30,1000,300,1,4,0.05,20,600,2,1800,10,297,149,18,406,398,129,1200,0,True,True,True,True
30,1000,300,1,4,0.05,20,600,2,1800,11,276,164,18,522,515,155,1200,0,True,True,True,True
30,1000,300,1,4,0.05,20,600,2,1800,12,297,127,25,429,416,131,1200,0,True,True,True,True
30,1000,300,1,4,0.05,20,600,2,1800,13,297,182,24,435,430,159,1200,0,True,True,True,True
30,1000,300,1,4,0.05,20,600,2,1800,14,287,161,33,630,615,128,1200,0,True,True,True,True
30,1000,300,1,4,0.05,20,600,2,1800,15,307,116,26,416,405,160,1200,0,True,True,True,True
30,1000,300,1,4,0.05,20,600,2,1800,16,317,131,25,388,375,122,1200,0,True,True,True,True
30,1000,300,1,4,0.05,20,600,2,1800,17,303,143,35,265,260,139,1200,0,True,True,True,True
30,1000,300,1,4,0.05,20,600,2,1800,18,299,148,23,486,480,153,1200,0,True,True,True,True
30,1000,300,1,4,0.05,20,600,2,1800,19,295,124,32,339,330,135,1200,0,True,True,True,True
30,1000,300,1,4,0.5,20,600,1,1800,0,369,4066,224,1695,1660,635,1200,0,True,True,True,True
30,1000,300,1,4,0.5,20,600,1,1800,1,354,4221,224,1710,1653,688,1200,0,True,True,True,True
30,1000,300,1,4,0.5,20,600,1,1800,2,356,4173,251,1705,1660,686,1200,0,True,True,True,True
30,1000,300,1,4,0.5,20,600,1,1800,3,346,4268,168,1695,1669,716,1200,0,True,True,True,True
30,1000,300,1,4,0.5,20,600,1,1800,4,351,4186,209,1707,1654,801,1200,0,True,True,True,True
30,1000,300,1,4,0.5,20,600,1,1800,5,343,4107,225,1688,1659,693,1200,0,True,True,True,True
30,1000,300,1,4,0.5,20,600,1,1800,6,330,4182,249,1716,1657,777,1200,0,True,True,True,True
30,1000,300,1,4,0.5,20,600,1,1800,7,348,4239,229,1707,1660,732,1200,0,True,True,True,True
30,1000,300,1,4,0.5,20,600,1,1800,8,369,4166,186,1687,1650,635,1200,0,True,True,True,True
30,1000,300,1,4,0.5,20,600,1,1800,9,366,4194,225,1693,1664,653,1200,0,True,True,True,True
30,1000,300,1,4,0.5,20,600,1,1800,10,332,4174,242,1718,1672,771,1200,0,True,True,True,True
30,1000,300,1,4,0.5,20,600,1,1800,11,347,4196,210,1710,1673,728,1200,0,True,True,True,True
30,1000,300,1,4,0.5,20,600,1,1800,12,340,4160,210,1707,1665,676,1200,0,True,True,True,True
30,1000,300,1,4,0.5,20,600,1,1800,13,352,4144,201,1704,1663,703,1200,0,True,True,True,True
30,1000,300,1,4,0.5,20,600,1,1800,14,348,4268,193,1711,1666,720,1200,0,True,True,True,True
30,1000,300,1,4,0.5,20,600,1,1800,15,363,4205,221,1729,1655,705,1200,0,True,True,True,True
30,1000,300,1,4,0.5,20,600,1,1800,16,364,4240,203,1722,1659,627,1200,0,True,True,True,True
30,1000,300,1,4,0.5,20,600,1,1800,17,354,4179,245,1709,1650,709,1200,0,True,True,True,True
30,1000,300,1,4,0.5,20,600,1,1800,18,350,4154,243,1718,1664,740,1200,0,True,True,True,True
30,1000,300,1,4,0.5,20,600,1,1800,19,344,4216,223,1724,1670,733,1200,0,True,True,True,True
30,1000,300,1,4,0.5,20,600,2,1800,0,369,4066,224,1695,1660,635,1200,0,True,True,True,True
30,1000,300,1,4,0.5,20,600,2,1800,1,354,4221,224,1710,1653,688,1200,0,True,True,True,True
30,1000,300,1,4,0.5,20,600,2,1800,2,356,4173,251,1705,1660,686,1200,0,True,True,True,True
30,1000,300,1,4,0.5,20,600,2,1800,3,346,4268,168,1695,1669,716,1200,0,True,True,True,True
30,1000,300,1,4,0.5,20,600,2,1800,4,351,4186,209,1707,1654,801,1200,0,True,True,True,True
30,1000,300,1,4,0.5,20,600,2,1800,5,343,4107,225,1688,1659,693,1200,0,True,True,True,True
30,1000,300,1,4,0.5,20,600,2,1800,6,330,4182,249,1716,1657,777,1200,0,True,True,True,True
30,1000,300,1,4,0.5,20,600,2,1800,7,348,4239,229,1707,1660,732,1200,0,True,True,True,True
30,1000,300,1,4,0.5,20,600,2,1800,8,369,4166,186,1687,1650,635,1200,0,True,True,True,True
30,1000,300,1,4,0.5,20,600,2,1800,9,366,4194,225,1693,1664,653,1200,0,True,True,True,True
30,1000,300,1,4,0.5,20,600,2,1800,10,332,4174,242,1718,1672,771,1200,0,True,True,True,True
30,1000,300,1,4,0.5,20,600,2,1800,11,347,4196,210,1710,1673,728,1200,0,True,True,True,True
30,1000,300,1,4,0.5,20,600,2,1800,12,340,4160,210,1707,1665,676,1200,0,True,True,True,True
30,1000,300,1,4,0.5,20,600,2,1800,13,352,4144,201,1704,1663,703,1200,0,True,True,True,True
30,1000,300,1,4,0.5,20,600,2,1800,14,348,4268,193,1711,1666,720,1200,0,True,True,True,True
30,1000,300,1,4,0.5,20,600,2,1800,15,363,4205,221,1729,1655,705,1200,0,True,True,True,True
30,1000,300,1,4,0.5,20,600,2,1800,16,364,4240,203,1722,1659,627,1200,0,True,True,True,True
30,1000,300,1,4,0.5,20,600,2,1800,17,354,4179,245,1709,1650,709,1200,0,True,True,True,True
30,1000,300,1,4,0.5,20,600,2,1800,18,350,4154,243,1718,1664,740,1200,0,True,True,True,True
30,1000,300,1,4,0.5,20,600,2,1800,19,344,4216,223,1724,1670,733,1200,0,True,True,True,True
30,1000,1000,2,2,0.05,20,600,1,1800,0,293,100,37,576,548,97,2000,0,True,True,True,True
30,1000,1000,2,2,0.05,20,600,1,1800,1,307,46,46,419,370,100,2000,0,True,True,True,True
30,1000,1000,2,2,0.05,20,600,1,1800,2,304,93,49,682,634,106,2000,0,True,True,True,True
30,1000,1000,2,2,0.05,20,600,1,1800,3,307,58,45,361,317,91,2000,0,True,True,True,True
30,1000,1000,2,2,0.05,20,600,1,1800,4,293,56,36,368,332,89,2000,0,True,True,True,True
30,1000,1000,2,2,0.05,20,600,1,1800,5,299,82,33,475,461,109,2000,0,True,True,True,True
30,1000,1000,2,2,0.05,20,600,1,1800,6,303,81,40,625,557,132,2000,0,True,True,True,True
30,1000,1000,2,2,0.05,20,600,1,1800,7,298,73,43,607,554,97,2000,0,True,True,True,True
30,1000,1000,2,2,0.05,20,600,1,1800,8,311,77,43,626,541,94,2000,0,True,True,True,True
30,1000,1000,2,2,0.05,20,600,1,1800,9,304,68,39,360,316,97,2000,0,True,True,True,True
30,1000,1000,2,2,0.05,20,600,1,1800,10,284,76,44,458,420,101,2000,0,True,True,True,True
30,1000,1000,2,2,0.05,20,600,1,1800,11,290,73,53,543,493,85,2000,0,True,True,True,True
30,1000,1000,2,2,0.05,20,600,1,1800,12,289,57,55,354,310,114,2000,0,True,True,True,True
30,1000,1000,2,2,0.05,20,600,1,1800,13,296,86,38,513,479,149,2000,0,True,True,True,True
30,1000,1000,2,2,0.05,20,600,1,1800,14,295,72,39,482,455,103,2000,0,True,True,True,True
30,1000,1000,2,2,0.05,20,600,1,1800,15,296,49,67,384,361,123,2000,0,True,True,True,True
30,1000,1000,2,2,0.05,20,600,1,1800,16,316,47,71,430,382,114,2000,0,True,True,True,True
30,1000,1000,2,2,0.05,20,600,1,1800,17,292,55,41,378,347,103,2000,0,True,True,True,True
30,1000,1000,2,2,0.05,20,600,1,1800,18,288,78,33,413,390,96,2000,0,True,True,True,True
30,1000,1000,2,2,0.05,20,600,1,1800,19,285,53,52,268,240,85,2000,0,True,True,True,True
30,1000,1000,2,2,0.05,20,600,2,1800,0,293,100,37,576,548,97,2000,0,True,True,True,True
30,1000,1000,2,2,0.05,20,600,2,1800,1,307,46,46,419,370,100,2000,0,True,True,True,True
30,1000,1000,2,2,0.05,20,600,2,1800,2,304,93,49,682,634,106,2000,0,True,True,True,True
30,1000,1000,2,2,0.05,20,600,2,1800,3,307,58,45,361,317,91,2000,0,True,True,True,True
30,1000,1000,2,2,0.05,20,600,2,1800,4,293,56,36,368,332,89,2000,0,True,True,True,True
30,1000,1000,2,2,0.05,20,600,2,1800,5,299,82,33,475,461,109,2000,0,True,True,True,True
30,1000,1000,2,2,0.05,20,600,2,1800,6,303,81,40,625,557,132,2000,0,True,True,True,True
30,1000,1000,2,2,0.05,20,600,2,1800,7,298,73,43,607,554,97,2000,0,True,True,True,True
30,1000,1000,2,2,0.05,20,600,2,1800,8,311,77,43,626,541,94,2000,0,True,True,True,True
30,1000,1000,2,2,0.05,20,600,2,1800,9,304,68,39,360,316,97,2000,0,True,True,True,True
30,1000,1000,2,2,0.05,20,600,2,1800,10,284,76,44,458,420,101,2000,0,True,True,True,True
30,1000,1000,2,2,0.05,20,600,2,1800,11,290,73,53,543,493,85,2000,0,True,True,True,True
30,1000,1000,2,2,0.05,20,600,2,1800,12,289,57,55,354,310,114,2000,0,True,True,True,True
30,1000,1000,2,2,0.05,20,600,2,1800,13,296,86,38,513,479,149,2000,0,True,True,True,True
30,1000,1000,2,2,0.05,20,600,2,1800,14,295,72,39,482,455,103,2000,0,True,True,True,True
30,1000,1000,2,2,0.05,20,600,2,1800,15,296,49,67,384,361,123,2000,0,True,True,True,True
30,1000,1000,2,2,0.05,20,600,2,1800,16,316,47,71,430,382,114,2000,0,True,True,True,True
30,1000,1000,2,2,0.05,20,600,2,1800,17,292,55,41,378,347,103,2000,0,True,True,True,True
30,1000,1000,2,2,0.05,20,600,2,1800,18,288,78,33,413,390,96,2000,0,True,True,True,True
30,1000,1000,2,2,0.05,20,600,2,1800,19,285,53,52,268,240,85,2000,0,True,True,True,True
30,1000,1000,2,2,0.5,20,600,1,1800,0,381,3199,281,1666,1621,370,2000,0,True,True,True,True
30,1000,1000,2,2,0.5,20,600,1,1800,1,395,3306,308,1669,1625,439,2000,0,True,True,True,True
30,1000,1000,2,2,0.5,20,600,1,1800,2,386,3238,369,1677,1624,439,2000,0,True,True,True,True
30,1000,1000,2,2,0.5,20,600,1,1800,3,375,3357,293,1695,1641,417,2000,0,True,True,True,True
30,1000,1000,2,2,0.5,20,600,1,1800,4,379,3253,346,1686,1640,438,2000,0,True,True,True,True
30,1000,1000,2,2,0.5,20,600,1,1800,5,361,3187,309,1691,1635,390,2000,0,True,True,True,True
30,1000,1000,2,2,0.5,20,600,1,1800,6,391,3249,302,1692,1632,423,2000,0,True,True,True,True
30,1000,1000,2,2,0.5,20,600,1,1800,7,380,3296,308,1678,1630,374,2000,0,True,True,True,True
30,1000,1000,2,2,0.5,20,600,1,1800,8,371,3227,275,1677,1632,387,2000,0,True,True,True,True
30,1000,1000,2,2,0.5,20,600,1,1800,9,379,3277,315,1697,1643,410,2000,0,True,True,True,True
30,1000,1000,2,2,0.5,20,600,1,1800,10,375,3242,302,1689,1634,465,2000,0,True,True,True,True
30,1000,1000,2,2,0.5,20,600,1,1800,11,370,3265,330,1709,1638,449,2000,0,True,True,True,True
30,1000,1000,2,2,0.5,20,600,1,1800,12,363,3224,324,1730,1632,400,2000,0,True,True,True,True
30,1000,1000,2,2,0.5,20,600,1,1800,13,366,3258,298,1678,1624,437,2000,0,True,True,True,True
30,1000,1000,2,2,0.5,20,600,1,1800,14,379,3316,330,1685,1636,383,2000,0,True,True,True,True
30,1000,1000,2,2,0.5,20,600,1,1800,15,380,3278,365,1703,1627,422,2000,0,True,True,True,True
30,1000,1000,2,2,0.5,20,600,1,1800,16,395,3281,268,1674,1612,343,2000,0,True,True,True,True
30,1000,1000,2,2,0.5,20,600,1,1800,17,374,3221,319,1699,1636,452,2000,0,True,True,True,True
30,1000,1000,2,2,0.5,20,600,1,1800,18,360,3239,347,1693,1639,396,2000,0,True,True,True,True
30,1000,1000,2,2,0.5,20,600,1,1800,19,366,3292,316,1711,1645,420,2000,0,True,True,True,True
30,1000,1000,2,2,0.5,20,600,2,1800,0,381,3199,281,1666,1621,370,2000,0,True,True,True,True
30,1000,1000,2,2,0.5,20,600,2,1800,1,395,3306,308,1669,1625,439,2000,0,True,True,True,True
30,1000,1000,2,2,0.5,20,600,2,1800,2,386,3238,369,1677,1624,439,2000,0,True,True,True,True
30,1000,1000,2,2,0.5,20,600,2,1800,3,375,3357,293,1695,1641,417,2000,0,True,True,True,True
30,1000,1000,2,2,0.5,20,600,2,1800,4,379,3253,346,1686,1640,438,2000,0,True,True,True,True
30,1000,1000,2,2,0.5,20,600,2,1800,5,361,3187,309,1691,1635,390,2000,0,True,True,True,True
30,1000,1000,2,2,0.5,20,600,2,1800,6,391,3249,302,1692,1632,423,2000,0,True,True,True,True
30,1000,1000,2,2,0.5,20,600,2,1800,7,380,3296,308,1678,1630,374,2000,0,True,True,True,True
30,1000,1000,2,2,0.5,20,600,2,1800,8,371,3227,275,1677,1632,387,2000,0,True,True,True,True
30,1000,1000,2,2,0.5,20,600,2,1800,9,379,3277,315,1697,1643,410,2000,0,True,True,True,True
30,1000,1000,2,2,0.5,20,600,2,1800,10,375,3242,302,1689,1634,465,2000,0,True,True,True,True
30,1000,1000,2,2,0.5,20,600,2,1800,11,370,3265,330,1709,1638,449,2000,0,True,True,True,True
30,1000,1000,2,2,0.5,20,600,2,1800,12,363,3224,324,1730,1632,400,2000,0,True,True,True,True
30,1000,1000,2,2,0.5,20,600,2,1800,13,366,3258,298,1678,1624,437,2000,0,True,True,True,True
30,1000,1000,2,2,0.5,20,600,2,1800,14,379,3316,330,1685,1636,383,2000,0,True,True,True,True
30,1000,1000,2,2,0.5,20,600,2,1800,15,380,3278,365,1703,1627,422,2000,0,True,True,True,True
30,1000,1000,2,2,0.5,20,600,2,1800,16,395,3281,268,1674,1612,343,2000,0,True,True,True,True
30,1000,1000,2,2,0.5,20,600,2,1800,17,374,3221,319,1699,1636,452,2000,0,True,True,True,True
30,1000,1000,2,2,0.5,20,600,2,1800,18,360,3239,347,1693,1639,396,2000,0,True,True,True,True
30,1000,1000,2,2,0.5,20,600,2,1800,19,366,3292,316,1711,1645,420,2000,0,True,True,True,True
30,1000,1000,1,4,0.05,20,600,1,1800,0,306,182,44,810,783,148,4000,0,True,True,True,True
30,1000,1000,1,4,0.05,20,600,1,1800,1,311,132,30,681,635,139,4000,0,True,True,True,True
30,1000,1000,1,4,0.05,20,600,1,1800,2,305,187,46,790,767,184,4000,0,True,True,True,True
30,1000,1000,1,4,0.05,20,600,1,1800,3,308,145,34,586,567,148,4000,0,True,True,True,True
30,1000,1000,1,4,0.05,20,600,1,1800,4,307,134,54,640,597,118,4000,0,True,True,True,True
30,1000,1000,1,4,0.05,20,600,1,1800,5,292,196,32,823,798,109,4000,0,True,True,True,True
30,1000,1000,1,4,0.05,20,600,1,1800,6,303,170,21,701,669,133,4000,0,True,True,True,True
30,1000,1000,1,4,0.05,20,600,1,1800,7,299,173,51,748,705,143,4000,0,True,True,True,True
30,1000,1000,1,4,0.05,20,600,1,1800,8,308,172,48,633,576,118,4000,0,True,True,True,True
30,1000,1000,1,4,0.05,20,600,1,1800,9,311,142,40,691,642,120,4000,0,True,True,True,True
30,1000,1000,1,4,0.05,20,600,1,1800,10,289,157,33,648,622,132,4000,0,True,True,True,True
30,1000,1000,1,4,0.05,20,600,1,1800,11,276,164,34,777,731,155,4000,0,True,True,True,True
30,1000,1000,1,4,0.05,20,600,1,1800,12,297,127,35,484,469,168,4000,0,True,True,True,True
30,1000,1000,1,4,0.05,20,600,1,1800,13,295,184,43,904,846,151,4000,0,True,True,True,True
30,1000,1000,1,4,0.05,20,600,1,1800,14,286,162,28,711,692,139,4000,0,True,True,True,True
30,1000,1000,1,4,0.05,20,600,1,1800,15,301,122,36,611,591,160,4000,0,True,True,True,True
30,1000,1000,1,4,0.05,20,600,1,1800,16,312,136,59,624,562,121,4000,0,True,True,True,True
30,1000,1000,1,4,0.05,20,600,1,1800,17,296,150,44,400,382,139,4000,0,True,True,True,True
30,1000,1000,1,4,0.05,20,600,1,1800,18,293,154,42,551,508,153,4000,0,True,True,True,True
30,1000,1000,1,4,0.05,20,600,1,1800,19,293,126,52,482,456,135,4000,0,True,True,True,True
30,1000,1000,1,4,0.05,20,600,2,1800,0,306,182,44,810,783,148,4000,0,True,True,True,True
30,1000,1000,1,4,0.05,20,600,2,1800,1,311,132,30,681,635,139,4000,0,True,True,True,True
30,1000,1000,1,4,0.05,20,600,2,1800,2,305,187,46,790,767,184,4000,0,True,True,True,True
30,1000,1000,1,4,0.05,20,600,2,1800,3,308,145,34,586,567,148,4000,0,True,True,True,True
30,1000,1000,1,4,0.05,20,600,2,1800,4,307,134,54,640,597,118,4000,0,True,True,True,True
30,1000,1000,1,4,0.05,20,600,2,1800,5,292,196,32,823,798,109,4000,0,True,True,True,True
30,1000,1000,1,4,0.05,20,600,2,1800,6,303,170,21,701,669,133,4000,0,True,True,True,True
30,1000,1000,1,4,0.05,20,600,2,1800,7,299,173,51,748,705,143,4000,0,True,True,True,True
30,1000,1000,1,4,0.05,20,600,2,1800,8,308,172,48,633,576,118,4000,0,True,True,True,True
30,1000,1000,1,4,0.05,20,600,2,1800,9,311,142,40,691,642,120,4000,0,True,True,True,True
30,1000,1000,1,4,0.05,20,600,2,1800,10,289,157,33,648,622,132,4000,0,True,True,True,True
30,1000,1000,1,4,0.05,20,600,2,1800,11,276,164,34,777,731,155,4000,0,True,True,True,True
30,1000,1000,1,4,0.05,20,600,2,1800,12,297,127,35,484,469,168,4000,0,True,True,True,True
30,1000,1000,1,4,0.05,20,600,2,1800,13,295,184,43,904,846,151,4000,0,True,True,True,True
30,1000,1000,1,4,0.05,20,600,2,1800,14,286,162,28,711,692,139,4000,0,True,True,True,True
30,1000,1000,1,4,0.05,20,600,2,1800,15,301,122,36,611,591,160,4000,0,True,True,True,True
30,1000,1000,1,4,0.05,20,600,2,1800,16,312,136,59,624,562,121,4000,0,True,True,True,True
30,1000,1000,1,4,0.05,20,600,2,1800,17,296,150,44,400,382,139,4000,0,True,True,True,True
30,1000,1000,1,4,0.05,20,600,2,1800,18,293,154,42,551,508,153,4000,0,True,True,True,True
30,1000,1000,1,4,0.05,20,600,2,1800,19,293,126,52,482,456,135,4000,0,True,True,True,True
30,1000,1000,1,4,0.5,20,600,1,1800,0,383,4052,250,1705,1653,663,4000,0,True,True,True,True
30,1000,1000,1,4,0.5,20,600,1,1800,1,356,4219,239,1717,1656,688,4000,0,True,True,True,True
30,1000,1000,1,4,0.5,20,600,1,1800,2,364,4165,263,1704,1656,699,4000,0,True,True,True,True
30,1000,1000,1,4,0.5,20,600,1,1800,3,370,4244,250,1720,1659,716,4000,0,True,True,True,True
30,1000,1000,1,4,0.5,20,600,1,1800,4,356,4181,211,1709,1655,801,4000,0,True,True,True,True
30,1000,1000,1,4,0.5,20,600,1,1800,5,367,4083,271,1705,1651,693,4000,0,True,True,True,True
30,1000,1000,1,4,0.5,20,600,1,1800,6,335,4177,249,1716,1653,777,4000,0,True,True,True,True
30,1000,1000,1,4,0.5,20,600,1,1800,7,355,4232,227,1710,1656,732,4000,0,True,True,True,True
30,1000,1000,1,4,0.5,20,600,1,1800,8,382,4153,253,1703,1652,635,4000,0,True,True,True,True
30,1000,1000,1,4,0.5,20,600,1,1800,9,375,4185,240,1700,1659,653,4000,0,True,True,True,True
30,1000,1000,1,4,0.5,20,600,1,1800,10,338,4168,260,1723,1671,771,4000,0,True,True,True,True
30,1000,1000,1,4,0.5,20,600,1,1800,11,360,4183,308,1720,1664,728,4000,0,True,True,True,True
30,1000,1000,1,4,0.5,20,600,1,1800,12,347,4153,265,1721,1657,676,4000,0,True,True,True,True
30,1000,1000,1,4,0.5,20,600,1,1800,13,360,4136,248,1719,1661,703,4000,0,True,True,True,True
30,1000,1000,1,4,0.5,20,600,1,1800,14,369,4247,271,1724,1656,720,4000,0,True,True,True,True
30,1000,1000,1,4,0.5,20,600,1,1800,15,365,4203,221,1741,1652,705,4000,0,True,True,True,True
30,1000,1000,1,4,0.5,20,600,1,1800,16,375,4229,245,1730,1653,627,4000,0,True,True,True,True
30,1000,1000,1,4,0.5,20,600,1,1800,17,354,4179,245,1711,1652,709,4000,0,True,True,True,True
30,1000,1000,1,4,0.5,20,600,1,1800,18,357,4147,255,1729,1668,740,4000,0,True,True,True,True
30,1000,1000,1,4,0.5,20,600,1,1800,19,364,4196,306,1731,1664,733,4000,0,True,True,True,True
30,1000,1000,1,4,0.5,20,600,2,1800,0,383,4052,250,1705,1653,663,4000,0,True,True,True,True
30,1000,1000,1,4,0.5,20,600,2,1800,1,356,4219,239,1717,1656,688,4000,0,True,True,True,True
30,1000,1000,1,4,0.5,20,600,2,1800,2,364,4165,263,1704,1656,699,4000,0,True,True,True,True
30,1000,1000,1,4,0.5,20,600,2,1800,3,370,4244,250,1720,1659,716,4000,0,True,True,True,True
30,1000,1000,1,4,0.5,20,600,2,1800,4,356,4181,211,1709,1655,801,4000,0,True,True,True,True
30,1000,1000,1,4,0.5,20,600,2,1800,5,367,4083,271,1705,1651,693,4000,0,True,True,True,True
30,1000,1000,1,4,0.5,20,600,2,1800,6,335,4177,249,1716,1653,777,4000,0,True,True,True,True
30,1000,1000,1,4,0.5,20,600,2,1800,7,355,4232,227,1710,1656,732,4000,0,True,True,True,True
30,1000,1000,1,4,0.5,20,600,2,1800,8,382,4153,253,1703,1652,635,4000,0,True,True,True,True
30,1000,1000,1,4,0.5,20,600,2,1800,9,375,4185,240,1700,1659,653,4000,0,True,True,True,True
30,1000,1000,1,4,0.5,20,600,2,1800,10,338,4168,260,1723,1671,771,4000,0,True,True,True,True
30,1000,1000,1,4,0.5,20,600,2,1800,11,360,4183,308,1720,1664,728,4000,0,True,True,True,True
30,1000,1000,1,4,0.5,20,600,2,1800,12,347,4153,265,1721,1657,676,4000,0,True,True,True,True
30,1000,1000,1,4,0.5,20,600,2,1800,13,360,4136,248,1719,1661,703,4000,0,True,True,True,True
30,1000,1000,1,4,0.5,20,600,2,1800,14,369,4247,271,1724,1656,720,4000,0,True,True,True,True
30,1000,1000,1,4,0.5,20,600,2,1800,15,365,4203,221,1741,1652,705,4000,0,True,True,True,True
30,1000,1000,1,4,0.5,20,600,2,1800,16,375,4229,245,1730,1653,627,4000,0,True,True,True,True
30,1000,1000,1,4,0.5,20,600,2,1800,17,354,4179,245,1711,1652,709,4000,0,True,True,True,True
30,1000,1000,1,4,0.5,20,600,2,1800,18,357,4147,255,1729,1668,740,4000,0,True,True,True,True
30,1000,1000,1,4,0.5,20,600,2,1800,19,364,4196,306,1731,1664,733,4000,0,True,True,True,True
60,1000,300,2,2,0.05,20,600,1,1800,0,307,86,60,434,396,146,600,0,True,True,True,True
60,1000,300,2,2,0.05,20,600,1,1800,1,299,54,39,171,159,120,600,0,True,True,True,True
60,1000,300,2,2,0.05,20,600,1,1800,2,312,85,68,506,479,149,600,0,True,True,True,True
60,1000,300,2,2,0.05,20,600,1,1800,3,308,57,79,406,357,129,600,0,True,True,True,True
60,1000,300,2,2,0.05,20,600,1,1800,4,296,53,51,379,320,124,600,0,True,True,True,True
60,1000,300,2,2,0.05,20,600,1,1800,5,296,85,51,344,330,173,600,0,True,True,True,True
60,1000,300,2,2,0.05,20,600,1,1800,6,306,78,28,345,321,170,600,0,True,True,True,True
60,1000,300,2,2,0.05,20,600,1,1800,7,297,74,53,315,292,143,600,0,True,True,True,True
60,1000,300,2,2,0.05,20,600,1,1800,8,314,74,60,484,411,137,600,0,True,True,True,True
60,1000,300,2,2,0.05,20,600,1,1800,9,298,74,46,533,446,144,600,0,True,True,True,True
60,1000,300,2,2,0.05,20,600,1,1800,10,285,75,57,319,300,133,600,0,True,True,True,True
60,1000,300,2,2,0.05,20,600,1,1800,11,296,67,35,176,164,119,600,0,True,True,True,True
60,1000,300,2,2,0.05,20,600,1,1800,12,283,63,90,297,261,125,600,0,True,True,True,True
60,1000,300,2,2,0.05,20,600,1,1800,13,298,84,32,193,183,173,600,0,True,True,True,True
60,1000,300,2,2,0.05,20,600,1,1800,14,289,78,47,299,289,164,600,0,True,True,True,True
60,1000,300,2,2,0.05,20,600,1,1800,15,299,46,57,262,240,151,600,0,True,True,True,True
60,1000,300,2,2,0.05,20,600,1,1800,16,326,37,65,486,420,148,600,0,True,True,True,True
60,1000,300,2,2,0.05,20,600,1,1800,17,281,66,58,303,283,174,600,0,True,True,True,True
60,1000,300,2,2,0.05,20,600,1,1800,18,290,76,26,270,254,140,600,0,True,True,True,True
60,1000,300,2,2,0.05,20,600,1,1800,19,281,57,83,279,247,111,600,0,True,True,True,True
60,1000,300,2,2,0.05,20,600,2,1800,0,307,86,60,434,396,146,600,0,True,True,True,True
60,1000,300,2,2,0.05,20,600,2,1800,1,299,54,39,171,159,120,600,0,True,True,True,True
60,1000,300,2,2,0.05,20,600,2,1800,2,312,85,68,506,479,149,600,0,True,True,True,True
60,1000,300,2,2,0.05,20,600,2,1800,3,308,57,79,406,357,129,600,0,True,True,True,True
60,1000,300,2,2,0.05,20,600,2,1800,4,296,53,51,379,320,124,600,0,True,True,True,True
60,1000,300,2,2,0.05,20,600,2,1800,5,296,85,51,344,330,173,600,0,True,True,True,True
60,1000,300,2,2,0.05,20,600,2,1800,6,306,78,28,345,321,170,600,0,True,True,True,True
60,1000,300,2,2,0.05,20,600,2,1800,7,297,74,53,315,292,143,600,0,True,True,True,True
60,1000,300,2,2,0.05,20,600,2,1800,8,314,74,60,484,411,137,600,0,True,True,True,True
60,1000,300,2,2,0.05,20,600,2,1800,9,298,74,46,533,446,144,600,0,True,True,True,True
60,1000,300,2,2,0.05,20,600,2,1800,10,285,75,57,319,300,133,600,0,True,True,True,True
60,1000,300,2,2,0.05,20,600,2,1800,11,296,67,35,176,164,119,600,0,True,True,True,True
60,1000,300,2,2,0.05,20,600,2,1800,12,283,63,90,297,261,125,600,0,True,True,True,True
60,1000,300,2,2,0.05,20,600,2,1800,13,298,84,32,193,183,173,600,0,True,True,True,True
60,1000,300,2,2,0.05,20,600,2,1800,14,289,78,47,299,289,164,600,0,True,True,True,True
60,1000,300,2,2,0.05,20,600,2,1800,15,299,46,57,262,240,151,600,0,True,True,True,True
60,1000,300,2,2,0.05,20,600,2,1800,16,326,37,65,486,420,148,600,0,True,True,True,True
60,1000,300,2,2,0.05,20,600,2,1800,17,281,66,58,303,283,174,600,0,True,True,True,True
60,1000,300,2,2,0.05,20,600,2,1800,18,290,76,26,270,254,140,600,0,True,True,True,True
60,1000,300,2,2,0.05,20,600,2,1800,19,281,57,83,279,247,111,600,0,True,True,True,True
60,1000,300,2,2,0.5,20,600,1,1800,0,366,3214,195,1642,1587,545,600,0,True,True,True,True
60,1000,300,2,2,0.5,20,600,1,1800,1,364,3337,195,1652,1610,597,600,0,True,True,True,True
60,1000,300,2,2,0.5,20,600,1,1800,2,351,3273,199,1644,1594,598,600,0,True,True,True,True
60,1000,300,2,2,0.5,20,600,1,1800,3,343,3389,198,1666,1619,596,600,0,True,True,True,True
60,1000,300,2,2,0.5,20,600,1,1800,4,346,3286,200,1661,1621,599,600,0,True,True,True,True
60,1000,300,2,2,0.5,20,600,1,1800,5,351,3197,200,1666,1614,596,600,0,True,True,True,True
60,1000,300,2,2,0.5,20,600,1,1800,6,355,3285,196,1668,1621,595,600,0,True,True,True,True
60,1000,300,2,2,0.5,20,600,1,1800,7,361,3315,197,1653,1593,595,600,0,True,True,True,True
60,1000,300,2,2,0.5,20,600,1,1800,8,347,3251,199,1646,1606,598,600,0,True,True,True,True
60,1000,300,2,2,0.5,20,600,1,1800,9,344,3312,200,1670,1627,599,600,0,True,True,True,True
60,1000,300,2,2,0.5,20,600,1,1800,10,344,3273,199,1660,1609,592,600,0,True,True,True,True
60,1000,300,2,2,0.5,20,600,1,1800,11,335,3300,200,1662,1610,600,600,0,True,True,True,True
60,1000,300,2,2,0.5,20,600,1,1800,12,346,3241,198,1683,1620,596,600,0,True,True,True,True
60,1000,300,2,2,0.5,20,600,1,1800,13,345,3279,194,1663,1605,596,600,0,True,True,True,True
60,1000,300,2,2,0.5,20,600,1,1800,14,341,3354,199,1667,1626,598,600,0,True,True,True,True
60,1000,300,2,2,0.5,20,600,1,1800,15,348,3310,199,1679,1612,597,600,0,True,True,True,True
60,1000,300,2,2,0.5,20,600,1,1800,16,376,3300,196,1705,1606,558,600,0,True,True,True,True
60,1000,300,2,2,0.5,20,600,1,1800,17,346,3249,196,1674,1610,597,600,0,True,True,True,True
60,1000,300,2,2,0.5,20,600,1,1800,18,332,3267,199,1679,1632,600,600,0,True,True,True,True
60,1000,300,2,2,0.5,20,600,1,1800,19,335,3323,198,1683,1627,598,600,0,True,True,True,True
60,1000,300,2,2,0.5,20,600,2,1800,0,366,3214,195,1642,1587,545,600,0,True,True,True,True
60,1000,300,2,2,0.5,20,600,2,1800,1,364,3337,195,1652,1610,597,600,0,True,True,True,True
60,1000,300,2,2,0.5,20,600,2,1800,2,351,3273,199,1644,1594,598,600,0,True,True,True,True
60,1000,300,2,2,0.5,20,600,2,1800,3,343,3389,198,1666,1619,596,600,0,True,True,True,True
60,1000,300,2,2,0.5,20,600,2,1800,4,346,3286,200,1661,1621,599,600,0,True,True,True,True
60,1000,300,2,2,0.5,20,600,2,1800,5,351,3197,200,1666,1614,596,600,0,True,True,True,True
60,1000,300,2,2,0.5,20,600,2,1800,6,355,3285,196,1668,1621,595,600,0,True,True,True,True
60,1000,300,2,2,0.5,20,600,2,1800,7,361,3315,197,1653,1593,595,600,0,True,True,True,True
60,1000,300,2,2,0.5,20,600,2,1800,8,347,3251,199,1646,1606,598,600,0,True,True,True,True
60,1000,300,2,2,0.5,20,600,2,1800,9,344,3312,200,1670,1627,599,600,0,True,True,True,True
60,1000,300,2,2,0.5,20,600,2,1800,10,344,3273,199,1660,1609,592,600,0,True,True,True,True
60,1000,300,2,2,0.5,20,600,2,1800,11,335,3300,200,1662,1610,600,600,0,True,True,True,True
60,1000,300,2,2,0.5,20,600,2,1800,12,346,3241,198,1683,1620,596,600,0,True,True,True,True
60,1000,300,2,2,0.5,20,600,2,1800,13,345,3279,194,1663,1605,596,600,0,True,True,True,True
60,1000,300,2,2,0.5,20,600,2,1800,14,341,3354,199,1667,1626,598,600,0,True,True,True,True
60,1000,300,2,2,0.5,20,600,2,1800,15,348,3310,199,1679,1612,597,600,0,True,True,True,True
60,1000,300,2,2,0.5,20,600,2,1800,16,376,3300,196,1705,1606,558,600,0,True,True,True,True
60,1000,300,2,2,0.5,20,600,2,1800,17,346,3249,196,1674,1610,597,600,0,True,True,True,True
60,1000,300,2,2,0.5,20,600,2,1800,18,332,3267,199,1679,1632,600,600,0,True,True,True,True
60,1000,300,2,2,0.5,20,600,2,1800,19,335,3323,198,1683,1627,598,600,0,True,True,True,True
60,1000,300,1,4,0.05,20,600,1,1800,0,319,169,78,665,638,210,1200,0,True,True,True,True
60,1000,300,1,4,0.05,20,600,1,1800,1,318,125,54,556,540,199,1200,0,True,True,True,True
60,1000,300,1,4,0.05,20,600,1,1800,2,321,171,79,707,682,220,1200,0,True,True,True,True
60,1000,300,1,4,0.05,20,600,1,1800,3,318,135,67,567,546,194,1200,0,True,True,True,True
60,1000,300,1,4,0.05,20,600,1,1800,4,320,121,62,451,421,204,1200,0,True,True,True,True
60,1000,300,1,4,0.05,20,600,1,1800,5,305,183,68,671,652,184,1200,0,True,True,True,True
60,1000,300,1,4,0.05,20,600,1,1800,6,319,154,73,578,557,209,1200,0,True,True,True,True
60,1000,300,1,4,0.05,20,600,1,1800,7,320,152,75,582,547,226,1200,0,True,True,True,True
60,1000,300,1,4,0.05,20,600,1,1800,8,304,176,59,429,404,210,1200,0,True,True,True,True
60,1000,300,1,4,0.05,20,600,1,1800,9,314,139,42,545,515,174,1200,0,True,True,True,True
60,1000,300,1,4,0.05,20,600,1,1800,10,299,147,25,458,446,212,1200,0,True,True,True,True
60,1000,300,1,4,0.05,20,600,1,1800,11,284,156,62,610,588,237,1200,0,True,True,True,True
60,1000,300,1,4,0.05,20,600,1,1800,12,302,122,64,500,477,190,1200,0,True,True,True,True
60,1000,300,1,4,0.05,20,600,1,1800,13,299,180,47,526,518,213,1200,0,True,True,True,True
60,1000,300,1,4,0.05,20,600,1,1800,14,291,157,46,619,605,218,1200,0,True,True,True,True
60,1000,300,1,4,0.05,20,600,1,1800,15,306,117,34,461,443,241,1200,0,True,True,True,True
60,1000,300,1,4,0.05,20,600,1,1800,16,318,130,48,417,398,196,1200,0,True,True,True,True
60,1000,300,1,4,0.05,20,600,1,1800,17,308,138,69,627,604,222,1200,0,True,True,True,True
60,1000,300,1,4,0.05,20,600,1,1800,18,304,143,48,486,472,239,1200,0,True,True,True,True
60,1000,300,1,4,0.05,20,600,1,1800,19,299,120,38,349,336,199,1200,0,True,True,True,True
60,1000,300,1,4,0.05,20,600,2,1800,0,319,169,78,665,638,210,1200,0,True,True,True,True
60,1000,300,1,4,0.05,20,600,2,1800,1,318,125,54,556,540,199,1200,0,True,True,True,True
60,1000,300,1,4,0.05,20,600,2,1800,2,321,171,79,707,682,220,1200,0,True,True,True,True
60,1000,300,1,4,0.05,20,600,2,1800,3,318,135,67,567,546,194,1200,0,True,True,True,True
60,1000,300,1,4,0.05,20,600,2,1800,4,320,121,62,451,421,204,1200,0,True,True,True,True
60,1000,300,1,4,0.05,20,600,2,1800,5,305,183,68,671,652,184,1200,0,True,True,True,True
60,1000,300,1,4,0.05,20,600,2,1800,6,319,154,73,578,557,209,1200,0,True,True,True,True
60,1000,300,1,4,0.05,20,600,2,1800,7,320,152,75,582,547,226,1200,0,True,True,True,True
60,1000,300,1,4,0.05,20,600,2,1800,8,304,176,59,429,404,210,1200,0,True,True,True,True
60,1000,300,1,4,0.05,20,600,2,1800,9,314,139,42,545,515,174,1200,0,True,True,True,True
60,1000,300,1,4,0.05,20,600,2,1800,10,299,147,25,458,446,212,1200,0,True,True,True,True
60,1000,300,1,4,0.05,20,600,2,1800,11,284,156,62,610,588,237,1200,0,True,True,True,True
60,1000,300,1,4,0.05,20,600,2,1800,12,302,122,64,500,477,190,1200,0,True,True,True,True
60,1000,300,1,4,0.05,20,600,2,1800,13,299,180,47,526,518,213,1200,0,True,True,True,True
60,1000,300,1,4,0.05,20,600,2,1800,14,291,157,46,619,605,218,1200,0,True,True,True,True
60,1000,300,1,4,0.05,20,600,2,1800,15,306,117,34,461,443,241,1200,0,True,True,True,True
60,1000,300,1,4,0.05,20,600,2,1800,16,318,130,48,417,398,196,1200,0,True,True,True,True
60,1000,300,1,4,0.05,20,600,2,1800,17,308,138,69,627,604,222,1200,0,True,True,True,True
60,1000,300,1,4,0.05,20,600,2,1800,18,304,143,48,486,472,239,1200,0,True,True,True,True
60,1000,300,1,4,0.05,20,600,2,1800,19,299,120,38,349,336,199,1200,0,True,True,True,True
60,1000,300,1,4,0.5,20,600,1,1800,0,384,4051,296,1700,1655,998,1200,0,True,True,True,True
60,1000,300,1,4,0.5,20,600,1,1800,1,383,4192,300,1737,1645,1000,1200,0,True,True,True,True
60,1000,300,1,4,0.5,20,600,1,1800,2,362,4167,299,1702,1659,1000,1200,0,True,True,True,True
60,1000,300,1,4,0.5,20,600,1,1800,3,389,4225,297,1712,1648,1000,1200,0,True,True,True,True
60,1000,300,1,4,0.5,20,600,1,1800,4,369,4168,299,1725,1649,1000,1200,0,True,True,True,True
60,1000,300,1,4,0.5,20,600,1,1800,5,372,4078,300,1702,1648,1000,1200,0,True,True,True,True
60,1000,300,1,4,0.5,20,600,1,1800,6,363,4149,299,1724,1647,1000,1200,0,True,True,True,True
60,1000,300,1,4,0.5,20,600,1,1800,7,383,4204,300,1721,1642,1000,1200,0,True,True,True,True
60,1000,300,1,4,0.5,20,600,1,1800,8,392,4143,299,1699,1648,1000,1200,0,True,True,True,True
60,1000,300,1,4,0.5,20,600,1,1800,9,383,4177,300,1696,1660,1000,1200,0,True,True,True,True
60,1000,300,1,4,0.5,20,600,1,1800,10,355,4151,300,1723,1665,1000,1200,0,True,True,True,True
60,1000,300,1,4,0.5,20,600,1,1800,11,377,4166,300,1727,1664,1000,1200,0,True,True,True,True
60,1000,300,1,4,0.5,20,600,1,1800,12,370,4130,296,1725,1650,997,1200,0,True,True,True,True
60,1000,300,1,4,0.5,20,600,1,1800,13,381,4115,299,1736,1650,1000,1200,0,True,True,True,True
60,1000,300,1,4,0.5,20,600,1,1800,14,367,4249,299,1704,1657,1000,1200,0,True,True,True,True
60,1000,300,1,4,0.5,20,600,1,1800,15,389,4179,298,1726,1651,999,1200,0,True,True,True,True
60,1000,300,1,4,0.5,20,600,1,1800,16,402,4202,299,1741,1649,999,1200,0,True,True,True,True
60,1000,300,1,4,0.5,20,600,1,1800,17,375,4158,300,1710,1651,1000,1200,0,True,True,True,True
60,1000,300,1,4,0.5,20,600,1,1800,18,377,4127,300,1717,1648,1000,1200,0,True,True,True,True
60,1000,300,1,4,0.5,20,600,1,1800,19,376,4184,300,1721,1659,1000,1200,0,True,True,True,True
60,1000,300,1,4,0.5,20,600,2,1800,0,384,4051,296,1700,1655,998,1200,0,True,True,True,True
60,1000,300,1,4,0.5,20,600,2,1800,1,383,4192,300,1737,1645,1000,1200,0,True,True,True,True
60,1000,300,1,4,0.5,20,600,2,1800,2,362,4167,299,1702,1659,1000,1200,0,True,True,True,True
60,1000,300,1,4,0.5,20,600,2,1800,3,389,4225,297,1712,1648,1000,1200,0,True,True,True,True
60,1000,300,1,4,0.5,20,600,2,1800,4,369,4168,299,1725,1649,1000,1200,0,True,True,True,True
60,1000,300,1,4,0.5,20,600,2,1800,5,372,4078,300,1702,1648,1000,1200,0,True,True,True,True
60,1000,300,1,4,0.5,20,600,2,1800,6,363,4149,299,1724,1647,1000,1200,0,True,True,True,True
60,1000,300,1,4,0.5,20,600,2,1800,7,383,4204,300,1721,1642,1000,1200,0,True,True,True,True
60,1000,300,1,4,0.5,20,600,2,1800,8,392,4143,299,1699,1648,1000,1200,0,True,True,True,True
60,1000,300,1,4,0.5,20,600,2,1800,9,383,4177,300,1696,1660,1000,1200,0,True,True,True,True
60,1000,300,1,4,0.5,20,600,2,1800,10,355,4151,300,1723,1665,1000,1200,0,True,True,True,True
60,1000,300,1,4,0.5,20,600,2,1800,11,377,4166,300,1727,1664,1000,1200,0,True,True,True,True
60,1000,300,1,4,0.5,20,600,2,1800,12,370,4130,296,1725,1650,997,1200,0,True,True,True,True
60,1000,300,1,4,0.5,20,600,2,1800,13,381,4115,299,1736,1650,1000,1200,0,True,True,True,True
60,1000,300,1,4,0.5,20,600,2,1800,14,367,4249,299,1704,1657,1000,1200,0,True,True,True,True
60,1000,300,1,4,0.5,20,600,2,1800,15,389,4179,298,1726,1651,999,1200,0,True,True,True,True
60,1000,300,1,4,0.5,20,600,2,1800,16,402,4202,299,1741,1649,999,1200,0,True,True,True,True
60,1000,300,1,4,0.5,20,600,2,1800,17,375,4158,300,1710,1651,1000,1200,0,True,True,True,True
60,1000,300,1,4,0.5,20,600,2,1800,18,377,4127,300,1717,1648,1000,1200,0,True,True,True,True
60,1000,300,1,4,0.5,20,600,2,1800,19,376,4184,300,1721,1659,1000,1200,0,True,True,True,True
60,1000,1000,2,2,0.05,20,600,1,1800,0,306,87,75,721,665,167,2000,0,True,True,True,True
60,1000,1000,2,2,0.05,20,600,1,1800,1,312,41,75,584,502,122,2000,0,True,True,True,True
60,1000,1000,2,2,0.05,20,600,1,1800,2,311,86,74,888,801,149,2000,0,True,True,True,True
60,1000,1000,2,2,0.05,20,600,1,1800,3,305,60,116,511,458,134,2000,0,True,True,True,True
60,1000,1000,2,2,0.05,20,600,1,1800,4,294,55,116,527,459,124,2000,0,True,True,True,True
60,1000,1000,2,2,0.05,20,600,1,1800,5,307,74,68,524,505,173,2000,0,True,True,True,True
60,1000,1000,2,2,0.05,20,600,1,1800,6,303,81,75,807,723,170,2000,0,True,True,True,True
60,1000,1000,2,2,0.05,20,600,1,1800,7,297,74,84,741,667,137,2000,0,True,True,True,True
60,1000,1000,2,2,0.05,20,600,1,1800,8,313,75,86,731,629,137,2000,0,True,True,True,True
60,1000,1000,2,2,0.05,20,600,1,1800,9,304,68,93,720,622,144,2000,0,True,True,True,True
60,1000,1000,2,2,0.05,20,600,1,1800,10,294,66,86,746,647,141,2000,0,True,True,True,True
60,1000,1000,2,2,0.05,20,600,1,1800,11,299,64,60,609,542,127,2000,0,True,True,True,True
60,1000,1000,2,2,0.05,20,600,1,1800,12,291,55,82,462,410,174,2000,0,True,True,True,True
60,1000,1000,2,2,0.05,20,600,1,1800,13,302,80,60,725,651,189,2000,0,True,True,True,True
60,1000,1000,2,2,0.05,20,600,1,1800,14,297,70,82,714,645,164,2000,0,True,True,True,True
60,1000,1000,2,2,0.05,20,600,1,1800,15,303,42,85,496,453,151,2000,0,True,True,True,True
60,1000,1000,2,2,0.05,20,600,1,1800,16,321,42,102,610,525,154,2000,0,True,True,True,True
60,1000,1000,2,2,0.05,20,600,1,1800,17,294,53,84,583,523,174,2000,0,True,True,True,True
60,1000,1000,2,2,0.05,20,600,1,1800,18,297,69,70,381,359,151,2000,0,True,True,True,True
60,1000,1000,2,2,0.05,20,600,1,1800,19,285,53,83,376,334,117,2000,0,True,True,True,True
60,1000,1000,2,2,0.05,20,600,2,1800,0,306,87,75,721,665,167,2000,0,True,True,True,True
60,1000,1000,2,2,0.05,20,600,2,1800,1,312,41,75,584,502,122,2000,0,True,True,True,True
60,1000,1000,2,2,0.05,20,600,2,1800,2,311,86,74,888,801,149,2000,0,True,True,True,True
60,1000,1000,2,2,0.05,20,600,2,1800,3,305,60,116,511,458,134,2000,0,True,True,True,True
60,1000,1000,2,2,0.05,20,600,2,1800,4,294,55,116,527,459,124,2000,0,True,True,True,True
60,1000,1000,2,2,0.05,20,600,2,1800,5,307,74,68,524,505,173,2000,0,True,True,True,True
60,1000,1000,2,2,0.05,20,600,2,1800,6,303,81,75,807,723,170,2000,0,True,True,True,True
60,1000,1000,2,2,0.05,20,600,2,1800,7,297,74,84,741,667,137,2000,0,True,True,True,True
60,1000,1000,2,2,0.05,20,600,2,1800,8,313,75,86,731,629,137,2000,0,True,True,True,True
60,1000,1000,2,2,0.05,20,600,2,1800,9,304,68,93,720,622,144,2000,0,True,True,True,True
60,1000,1000,2,2,0.05,20,600,2,1800,10,294,66,86,746,647,141,2000,0,True,True,True,True
60,1000,1000,2,2,0.05,20,600,2,1800,11,299,64,60,609,542,127,2000,0,True,True,True,True
60,1000,1000,2,2,0.05,20,600,2,1800,12,291,55,82,462,410,174,2000,0,True,True,True,True
60,1000,1000,2,2,0.05,20,600,2,1800,13,302,80,60,725,651,189,2000,0,True,True,True,True
60,1000,1000,2,2,0.05,20,600,2,1800,14,297,70,82,714,645,164,2000,0,True,True,True,True
60,1000,1000,2,2,0.05,20,600,2,1800,15,303,42,85,496,453,151,2000,0,True,True,True,True
60,1000,1000,2,2,0.05,20,600,2,1800,16,321,42,102,610,525,154,2000,0,True,True,True,True
60,1000,1000,2,2,0.05,20,600,2,1800,17,294,53,84,583,523,174,2000,0,True,True,True,True
60,1000,1000,2,2,0.05,20,600,2,1800,18,297,69,70,381,359,151,2000,0,True,True,True,True
60,1000,1000,2,2,0.05,20,600,2,1800,19,285,53,83,376,334,117,2000,0,True,True,True,True
60,1000,1000,2,2,0.5,20,600,1,1800,0,472,3108,599,1710,1612,649,2000,0,True,True,True,True
60,1000,1000,2,2,0.5,20,600,1,1800,1,467,3234,619,1741,1625,704,2000,0,True,True,True,True
60,1000,1000,2,2,0.5,20,600,1,1800,2,478,3146,669,1709,1618,789,2000,0,True,True,True,True
60,1000,1000,2,2,0.5,20,600,1,1800,3,469,3263,629,1745,1626,709,2000,0,True,True,True,True
60,1000,1000,2,2,0.5,20,600,1,1800,4,452,3180,622,1766,1633,712,2000,0,True,True,True,True
60,1000,1000,2,2,0.5,20,600,1,1800,5,454,3094,657,1705,1613,720,2000,0,True,True,True,True
60,1000,1000,2,2,0.5,20,600,1,1800,6,476,3164,631,1738,1621,719,2000,0,True,True,True,True
60,1000,1000,2,2,0.5,20,600,1,1800,7,470,3206,625,1712,1617,752,2000,0,True,True,True,True
60,1000,1000,2,2,0.5,20,600,1,1800,8,456,3142,580,1784,1628,671,2000,0,True,True,True,True
60,1000,1000,2,2,0.5,20,600,1,1800,9,462,3194,645,1751,1631,759,2000,0,True,True,True,True
60,1000,1000,2,2,0.5,20,600,1,1800,10,449,3168,661,1714,1627,812,2000,0,True,True,True,True
60,1000,1000,2,2,0.5,20,600,1,1800,11,477,3158,661,1719,1624,760,2000,0,True,True,True,True
60,1000,1000,2,2,0.5,20,600,1,1800,12,449,3138,618,1739,1624,666,2000,0,True,True,True,True
60,1000,1000,2,2,0.5,20,600,1,1800,13,453,3171,605,1765,1628,738,2000,0,True,True,True,True
60,1000,1000,2,2,0.5,20,600,1,1800,14,475,3220,686,1713,1627,724,2000,0,True,True,True,True
60,1000,1000,2,2,0.5,20,600,1,1800,15,457,3201,652,1706,1613,690,2000,0,True,True,True,True
60,1000,1000,2,2,0.5,20,600,1,1800,16,482,3194,552,1727,1611,644,2000,0,True,True,True,True
60,1000,1000,2,2,0.5,20,600,1,1800,17,462,3133,675,1725,1618,845,2000,0,True,True,True,True
60,1000,1000,2,2,0.5,20,600,1,1800,18,446,3153,663,1745,1633,742,2000,0,True,True,True,True
60,1000,1000,2,2,0.5,20,600,1,1800,19,439,3219,650,1744,1636,735,2000,0,True,True,True,True
60,1000,1000,2,2,0.5,20,600,2,1800,0,472,3108,599,1710,1612,649,2000,0,True,True,True,True
60,1000,1000,2,2,0.5,20,600,2,1800,1,467,3234,619,1741,1625,704,2000,0,True,True,True,True
60,1000,1000,2,2,0.5,20,600,2,1800,2,478,3146,669,1709,1618,789,2000,0,True,True,True,True
60,1000,1000,2,2,0.5,20,600,2,1800,3,469,3263,629,1745,1626,709,2000,0,True,True,True,True
60,1000,1000,2,2,0.5,20,600,2,1800,4,452,3180,622,1766,1633,712,2000,0,True,True,True,True
60,1000,1000,2,2,0.5,20,600,2,1800,5,454,3094,657,1705,1613,720,2000,0,True,True,True,True
60,1000,1000,2,2,0.5,20,600,2,1800,6,476,3164,631,1738,1621,719,2000,0,True,True,True,True
60,1000,1000,2,2,0.5,20,600,2,1800,7,470,3206,625,1712,1617,752,2000,0,True,True,True,True
60,1000,1000,2,2,0.5,20,600,2,1800,8,456,3142,580,1784,1628,671,2000,0,True,True,True,True
60,1000,1000,2,2,0.5,20,600,2,1800,9,462,3194,645,1751,1631,759,2000,0,True,True,True,True
60,1000,1000,2,2,0.5,20,600,2,1800,10,449,3168,661,1714,1627,812,2000,0,True,True,True,True
60,1000,1000,2,2,0.5,20,600,2,1800,11,477,3158,661,1719,1624,760,2000,0,True,True,True,True
60,1000,1000,2,2,0.5,20,600,2,1800,12,449,3138,618,1739,1624,666,2000,0,True,True,True,True
60,1000,1000,2,2,0.5,20,600,2,1800,13,453,3171,605,1765,1628,738,2000,0,True,True,True,True
60,1000,1000,2,2,0.5,20,600,2,1800,14,475,3220,686,1713,1627,724,2000,0,True,True,True,True
60,1000,1000,2,2,0.5,20,600,2,1800,15,457,3201,652,1706,1613,690,2000,0,True,True,True,True
60,1000,1000,2,2,0.5,20,600,2,1800,16,482,3194,552,1727,1611,644,2000,0,True,True,True,True
60,1000,1000,2,2,0.5,20,600,2,1800,17,462,3133,675,1725,1618,845,2000,0,True,True,True,True
60,1000,1000,2,2,0.5,20,600,2,1800,18,446,3153,663,1745,1633,742,2000,0,True,True,True,True
60,1000,1000,2,2,0.5,20,600,2,1800,19,439,3219,650,1744,1636,735,2000,0,True,True,True,True
60,1000,1000,1,4,0.05,20,600,1,1800,0,314,174,63,889,844,234,4000,0,True,True,True,True
60,1000,1000,1,4,0.05,20,600,1,1800,1,314,129,41,839,756,199,4000,0,True,True,True,True
60,1000,1000,1,4,0.05,20,600,1,1800,2,316,176,79,814,783,220,4000,0,True,True,True,True
60,1000,1000,1,4,0.05,20,600,1,1800,3,319,134,85,634,603,204,4000,0,True,True,True,True
60,1000,1000,1,4,0.05,20,600,1,1800,4,314,127,86,767,696,204,4000,0,True,True,True,True
60,1000,1000,1,4,0.05,20,600,1,1800,5,299,189,60,867,831,184,4000,0,True,True,True,True
60,1000,1000,1,4,0.05,20,600,1,1800,6,313,160,73,727,695,220,4000,0,True,True,True,True
60,1000,1000,1,4,0.05,20,600,1,1800,7,307,165,75,815,752,226,4000,0,True,True,True,True
60,1000,1000,1,4,0.05,20,600,1,1800,8,315,165,75,856,770,210,4000,0,True,True,True,True
60,1000,1000,1,4,0.05,20,600,1,1800,9,312,141,61,798,736,202,4000,0,True,True,True,True
60,1000,1000,1,4,0.05,20,600,1,1800,10,292,154,45,724,684,225,4000,0,True,True,True,True
60,1000,1000,1,4,0.05,20,600,1,1800,11,288,152,86,951,872,237,4000,0,True,True,True,True
60,1000,1000,1,4,0.05,20,600,1,1800,12,302,122,78,615,585,235,4000,0,True,True,True,True
60,1000,1000,1,4,0.05,20,600,1,1800,13,296,183,76,1083,992,244,4000,0,True,True,True,True
60,1000,1000,1,4,0.05,20,600,1,1800,14,291,157,69,757,733,207,4000,0,True,True,True,True
60,1000,1000,1,4,0.05,20,600,1,1800,15,305,118,50,694,659,241,4000,0,True,True,True,True
60,1000,1000,1,4,0.05,20,600,1,1800,16,318,130,72,747,657,196,4000,0,True,True,True,True
60,1000,1000,1,4,0.05,20,600,1,1800,17,299,147,65,836,777,222,4000,0,True,True,True,True
60,1000,1000,1,4,0.05,20,600,1,1800,18,301,146,56,801,738,239,4000,0,True,True,True,True
60,1000,1000,1,4,0.05,20,600,1,1800,19,300,119,82,532,499,199,4000,0,True,True,True,True
60,1000,1000,1,4,0.05,20,600,2,1800,0,314,174,63,889,844,234,4000,0,True,True,True,True
60,1000,1000,1,4,0.05,20,600,2,1800,1,314,129,41,839,756,199,4000,0,True,True,True,True
60,1000,1000,1,4,0.05,20,600,2,1800,2,316,176,79,814,783,220,4000,0,True,True,True,True
60,1000,1000,1,4,0.05,20,600,2,1800,3,319,134,85,634,603,204,4000,0,True,True,True,True
60,1000,1000,1,4,0.05,20,600,2,1800,4,314,127,86,767,696,204,4000,0,True,True,True,True
60,1000,1000,1,4,0.05,20,600,2,1800,5,299,189,60,867,831,184,4000,0,True,True,True,True
60,1000,1000,1,4,0.05,20,600,2,1800,6,313,160,73,727,695,220,4000,0,True,True,True,True
60,1000,1000,1,4,0.05,20,600,2,1800,7,307,165,75,815,752,226,4000,0,True,True,True,True
60,1000,1000,1,4,0.05,20,600,2,1800,8,315,165,75,856,770,210,4000,0,True,True,True,True
60,1000,1000,1,4,0.05,20,600,2,1800,9,312,141,61,798,736,202,4000,0,True,True,True,True
60,1000,1000,1,4,0.05,20,600,2,1800,10,292,154,45,724,684,225,4000,0,True,True,True,True
60,1000,1000,1,4,0.05,20,600,2,1800,11,288,152,86,951,872,237,4000,0,True,True,True,True
60,1000,1000,1,4,0.05,20,600,2,1800,12,302,122,78,615,585,235,4000,0,True,True,True,True
60,1000,1000,1,4,0.05,20,600,2,1800,13,296,183,76,1083,992,244,4000,0,True,True,True,True
60,1000,1000,1,4,0.05,20,600,2,1800,14,291,157,69,757,733,207,4000,0,True,True,True,True
60,1000,1000,1,4,0.05,20,600,2,1800,15,305,118,50,694,659,241,4000,0,True,True,True,True
60,1000,1000,1,4,0.05,20,600,2,1800,16,318,130,72,747,657,196,4000,0,True,True,True,True
60,1000,1000,1,4,0.05,20,600,2,1800,17,299,147,65,836,777,222,4000,0,True,True,True,True
60,1000,1000,1,4,0.05,20,600,2,1800,18,301,146,56,801,738,239,4000,0,True,True,True,True
60,1000,1000,1,4,0.05,20,600,2,1800,19,300,119,82,532,499,199,4000,0,True,True,True,True
60,1000,1000,1,4,0.5,20,600,1,1800,0,445,3990,472,1766,1645,1000,4000,0,True,True,True,True
60,1000,1000,1,4,0.5,20,600,1,1800,1,414,4161,416,1739,1643,1000,4000,0,True,True,True,True
60,1000,1000,1,4,0.5,20,600,1,1800,2,418,4111,476,1753,1644,998,4000,0,True,True,True,True
60,1000,1000,1,4,0.5,20,600,1,1800,3,438,4176,528,1760,1640,1000,4000,0,True,True,True,True
60,1000,1000,1,4,0.5,20,600,1,1800,4,401,4136,374,1739,1650,1000,4000,0,True,True,True,True
60,1000,1000,1,4,0.5,20,600,1,1800,5,425,4025,476,1740,1650,1000,4000,0,True,True,True,True
60,1000,1000,1,4,0.5,20,600,1,1800,6,390,4122,421,1738,1636,1000,4000,0,True,True,True,True
60,1000,1000,1,4,0.5,20,600,1,1800,7,411,4176,409,1745,1632,1000,4000,0,True,True,True,True
60,1000,1000,1,4,0.5,20,600,1,1800,8,438,4097,418,1748,1643,1000,4000,0,True,True,True,True
60,1000,1000,1,4,0.5,20,600,1,1800,9,425,4135,446,1732,1643,1000,4000,0,True,True,True,True
60,1000,1000,1,4,0.5,20,600,1,1800,10,404,4102,426,1757,1639,1000,4000,0,True,True,True,True
60,1000,1000,1,4,0.5,20,600,1,1800,11,419,4124,498,1780,1636,1000,4000,0,True,True,True,True
60,1000,1000,1,4,0.5,20,600,1,1800,12,422,4078,499,1754,1637,997,4000,0,True,True,True,True
60,1000,1000,1,4,0.5,20,600,1,1800,13,437,4059,504,1799,1640,1000,4000,0,True,True,True,True
60,1000,1000,1,4,0.5,20,600,1,1800,14,431,4185,504,1762,1643,1000,4000,0,True,True,True,True
60,1000,1000,1,4,0.5,20,600,1,1800,15,445,4123,428,1762,1643,999,4000,0,True,True,True,True
60,1000,1000,1,4,0.5,20,600,1,1800,16,447,4157,471,1755,1635,999,4000,0,True,True,True,True
60,1000,1000,1,4,0.5,20,600,1,1800,17,421,4112,409,1749,1637,1000,4000,0,True,True,True,True
60,1000,1000,1,4,0.5,20,600,1,1800,18,414,4090,469,1745,1644,1000,4000,0,True,True,True,True
60,1000,1000,1,4,0.5,20,600,1,1800,19,420,4140,523,1755,1652,1000,4000,0,True,True,True,True
60,1000,1000,1,4,0.5,20,600,2,1800,0,445,3990,472,1766,1645,1000,4000,0,True,True,True,True
60,1000,1000,1,4,0.5,20,600,2,1800,1,414,4161,416,1739,1643,1000,4000,0,True,True,True,True
60,1000,1000,1,4,0.5,20,600,2,1800,2,418,4111,476,1753,1644,998,4000,0,True,True,True,True
60,1000,1000,1,4,0.5,20,600,2,1800,3,438,4176,528,1760,1640,1000,4000,0,True,True,True,True
60,1000,1000,1,4,0.5,20,600,2,1800,4,401,4136,374,1739,1650,1000,4000,0,True,True,True,True
60,1000,1000,1,4,0.5,20,600,2,1800,5,425,4025,476,1740,1650,1000,4000,0,True,True,True,True
60,1000,1000,1,4,0.5,20,600,2,1800,6,390,4122,421,1738,1636,1000,4000,0,True,True,True,True
60,1000,1000,1,4,0.5,20,600,2,1800,7,411,4176,409,1745,1632,1000,4000,0,True,True,True,True
60,1000,1000,1,4,0.5,20,600,2,1800,8,438,4097,418,1748,1643,1000,4000,0,True,True,True,True
60,1000,1000,1,4,0.5,20,600,2,1800,9,425,4135,446,1732,1643,1000,4000,0,True,True,True,True
60,1000,1000,1,4,0.5,20,600,2,1800,10,404,4102,426,1757,1639,1000,4000,0,True,True,True,True
60,1000,1000,1,4,0.5,20,600,2,1800,11,419,4124,498,1780,1636,1000,4000,0,True,True,True,True
60,1000,1000,1,4,0.5,20,600,2,1800,12,422,4078,499,1754,1637,997,4000,0,True,True,True,True
60,1000,1000,1,4,0.5,20,600,2,1800,13,437,4059,504,1799,1640,1000,4000,0,True,True,True,True
60,1000,1000,1,4,0.5,20,600,2,1800,14,431,4185,504,1762,1643,1000,4000,0,True,True,True,True
60,1000,1000,1,4,0.5,20,600,2,1800,15,445,4123,428,1762,1643,999,4000,0,True,True,True,True
60,1000,1000,1,4,0.5,20,600,2,1800,16,447,4157,471,1755,1635,999,4000,0,True,True,True,True
60,1000,1000,1,4,0.5,20,600,2,1800,17,421,4112,409,1749,1637,1000,4000,0,True,True,True,True
60,1000,1000,1,4,0.5,20,600,2,1800,18,414,4090,469,1745,1644,1000,4000,0,True,True,True,True
60,1000,1000,1,4,0.5,20,600,2,1800,19,420,4140,523,1755,1652,1000,4000,0,True,True,True,True
300,1000,300,2,2,0.05,20,600,1,1800,0,332,61,191,1051,896,412,600,0,True,True,True,True
300,1000,300,2,2,0.05,20,600,1,1800,1,320,33,149,1000,842,346,600,0,True,True,True,True
300,1000,300,2,2,0.05,20,600,1,1800,2,339,58,175,1261,1074,468,600,0,True,True,True,True
300,1000,300,2,2,0.05,20,600,1,1800,3,327,38,156,756,626,353,600,0,True,True,True,True
300,1000,300,2,2,0.05,20,600,1,1800,4,306,43,101,843,704,329,600,0,True,True,True,True
300,1000,300,2,2,0.05,20,600,1,1800,5,324,57,185,914,787,441,600,0,True,True,True,True
300,1000,300,2,2,0.05,20,600,1,1800,6,332,52,162,1006,839,420,600,0,True,True,True,True
300,1000,300,2,2,0.05,20,600,1,1800,7,322,49,165,1181,1002,401,600,0,True,True,True,True
300,1000,300,2,2,0.05,20,600,1,1800,8,328,60,115,1005,846,397,600,0,True,True,True,True
300,1000,300,2,2,0.05,20,600,1,1800,9,321,51,152,991,838,386,600,0,True,True,True,True
300,1000,300,2,2,0.05,20,600,1,1800,10,308,52,171,1039,880,388,600,0,True,True,True,True
300,1000,300,2,2,0.05,20,600,1,1800,11,309,54,142,844,716,384,600,0,True,True,True,True
300,1000,300,2,2,0.05,20,600,1,1800,12,309,37,150,946,785,397,600,0,True,True,True,True
300,1000,300,2,2,0.05,20,600,1,1800,13,317,65,124,985,834,465,600,0,True,True,True,True
300,1000,300,2,2,0.05,20,600,1,1800,14,316,51,188,927,797,454,600,0,True,True,True,True
300,1000,300,2,2,0.05,20,600,1,1800,15,317,28,162,851,704,393,600,0,True,True,True,True
300,1000,300,2,2,0.05,20,600,1,1800,16,338,25,150,812,694,374,600,0,True,True,True,True
300,1000,300,2,2,0.05,20,600,1,1800,17,310,37,173,991,852,417,600,0,True,True,True,True
300,1000,300,2,2,0.05,20,600,1,1800,18,314,52,152,962,813,440,600,0,True,True,True,True
300,1000,300,2,2,0.05,20,600,1,1800,19,307,31,167,689,578,401,600,0,True,True,True,True
300,1000,300,2,2,0.05,20,600,2,1800,0,332,61,191,1051,896,412,600,0,True,True,True,True
300,1000,300,2,2,0.05,20,600,2,1800,1,320,33,149,1000,842,346,600,0,True,True,True,True
300,1000,300,2,2,0.05,20,600,2,1800,2,339,58,175,1261,1074,468,600,0,True,True,True,True
300,1000,300,2,2,0.05,20,600,2,1800,3,327,38,156,756,626,353,600,0,True,True,True,True
300,1000,300,2,2,0.05,20,600,2,1800,4,306,43,101,843,704,329,600,0,True,True,True,True
300,1000,300,2,2,0.05,20,600,2,1800,5,324,57,185,914,787,441,600,0,True,True,True,True
300,1000,300,2,2,0.05,20,600,2,1800,6,332,52,162,1006,839,420,600,0,True,True,True,True
300,1000,300,2,2,0.05,20,600,2,1800,7,322,49,165,1181,1002,401,600,0,True,True,True,True
300,1000,300,2,2,0.05,20,600,2,1800,8,328,60,115,1005,846,397,600,0,True,True,True,True
300,1000,300,2,2,0.05,20,600,2,1800,9,321,51,152,991,838,386,600,0,True,True,True,True
300,1000,300,2,2,0.05,20,600,2,1800,10,308,52,171,1039,880,388,600,0,True,True,True,True
300,1000,300,2,2,0.05,20,600,2,1800,11,309,54,142,844,716,384,600,0,True,True,True,True
300,1000,300,2,2,0.05,20,600,2,1800,12,309,37,150,946,785,397,600,0,True,True,True,True
300,1000,300,2,2,0.05,20,600,2,1800,13,317,65,124,985,834,465,600,0,True,True,True,True
300,1000,300,2,2,0.05,20,600,2,1800,14,316,51,188,927,797,454,600,0,True,True,True,True
300,1000,300,2,2,0.05,20,600,2,1800,15,317,28,162,851,704,393,600,0,True,True,True,True
300,1000,300,2,2,0.05,20,600,2,1800,16,338,25,150,812,694,374,600,0,True,True,True,True
300,1000,300,2,2,0.05,20,600,2,1800,17,310,37,173,991,852,417,600,0,True,True,True,True
300,1000,300,2,2,0.05,20,600,2,1800,18,314,52,152,962,813,440,600,0,True,True,True,True
300,1000,300,2,2,0.05,20,600,2,1800,19,307,31,167,689,578,401,600,0,True,True,True,True
300,1000,300,2,2,0.5,20,600,1,1800,0,370,3210,200,1654,1585,600,600,0,True,True,True,True
300,1000,300,2,2,0.5,20,600,1,1800,1,372,3329,200,1652,1601,600,600,0,True,True,True,True
300,1000,300,2,2,0.5,20,600,1,1800,2,357,3267,200,1646,1590,600,600,0,True,True,True,True
300,1000,300,2,2,0.5,20,600,1,1800,3,351,3381,200,1662,1608,600,600,0,True,True,True,True
300,1000,300,2,2,0.5,20,600,1,1800,4,359,3273,200,1661,1609,600,600,0,True,True,True,True
300,1000,300,2,2,0.5,20,600,1,1800,5,357,3191,200,1669,1610,600,600,0,True,True,True,True
300,1000,300,2,2,0.5,20,600,1,1800,6,365,3275,200,1670,1612,600,600,0,True,True,True,True
300,1000,300,2,2,0.5,20,600,1,1800,7,369,3307,200,1655,1585,600,600,0,True,True,True,True
300,1000,300,2,2,0.5,20,600,1,1800,8,356,3242,200,1647,1597,600,600,0,True,True,True,True
300,1000,300,2,2,0.5,20,600,1,1800,9,344,3312,200,1670,1627,600,600,0,True,True,True,True
300,1000,300,2,2,0.5,20,600,1,1800,10,349,3268,200,1661,1605,600,600,0,True,True,True,True
300,1000,300,2,2,0.5,20,600,1,1800,11,336,3299,200,1659,1608,600,600,0,True,True,True,True
300,1000,300,2,2,0.5,20,600,1,1800,12,355,3232,200,1687,1612,600,600,0,True,True,True,True
300,1000,300,2,2,0.5,20,600,1,1800,13,361,3263,200,1664,1591,600,600,0,True,True,True,True
300,1000,300,2,2,0.5,20,600,1,1800,14,350,3345,200,1668,1618,600,600,0,True,True,True,True
300,1000,300,2,2,0.5,20,600,1,1800,15,360,3298,200,1682,1602,600,600,0,True,True,True,True
300,1000,300,2,2,0.5,20,600,1,1800,16,388,3288,200,1703,1595,600,600,0,True,True,True,True
300,1000,300,2,2,0.5,20,600,1,1800,17,357,3238,200,1676,1601,600,600,0,True,True,True,True
300,1000,300,2,2,0.5,20,600,1,1800,18,335,3264,200,1679,1629,600,600,0,True,True,True,True
300,1000,300,2,2,0.5,20,600,1,1800,19,342,3316,200,1685,1621,600,600,0,True,True,True,True
300,1000,300,2,2,0.5,20,600,2,1800,0,370,3210,200,1654,1585,600,600,0,True,True,True,True
300,1000,300,2,2,0.5,20,600,2,1800,1,372,3329,200,1652,1601,600,600,0,True,True,True,True
300,1000,300,2,2,0.5,20,600,2,1800,2,357,3267,200,1646,1590,600,600,0,True,True,True,True
300,1000,300,2,2,0.5,20,600,2,1800,3,351,3381,200,1662,1608,600,600,0,True,True,True,True
300,1000,300,2,2,0.5,20,600,2,1800,4,359,3273,200,1661,1609,600,600,0,True,True,True,True
300,1000,300,2,2,0.5,20,600,2,1800,5,357,3191,200,1669,1610,600,600,0,True,True,True,True
300,1000,300,2,2,0.5,20,600,2,1800,6,365,3275,200,1670,1612,600,600,0,True,True,True,True
300,1000,300,2,2,0.5,20,600,2,1800,7,369,3307,200,1655,1585,600,600,0,True,True,True,True
300,1000,300,2,2,0.5,20,600,2,1800,8,356,3242,200,1647,1597,600,600,0,True,True,True,True
300,1000,300,2,2,0.5,20,600,2,1800,9,344,3312,200,1670,1627,600,600,0,True,True,True,True
300,1000,300,2,2,0.5,20,600,2,1800,10,349,3268,200,1661,1605,600,600,0,True,True,True,True
300,1000,300,2,2,0.5,20,600,2,1800,11,336,3299,200,1659,1608,600,600,0,True,True,True,True
300,1000,300,2,2,0.5,20,600,2,1800,12,355,3232,200,1687,1612,600,600,0,True,True,True,True
300,1000,300,2,2,0.5,20,600,2,1800,13,361,3263,200,1664,1591,600,600,0,True,True,True,True
300,1000,300,2,2,0.5,20,600,2,1800,14,350,3345,200,1668,1618,600,600,0,True,True,True,True
300,1000,300,2,2,0.5,20,600,2,1800,15,360,3298,200,1682,1602,600,600,0,True,True,True,True
300,1000,300,2,2,0.5,20,600,2,1800,16,388,3288,200,1703,1595,600,600,0,True,True,True,True
300,1000,300,2,2,0.5,20,600,2,1800,17,357,3238,200,1676,1601,600,600,0,True,True,True,True
300,1000,300,2,2,0.5,20,600,2,1800,18,335,3264,200,1679,1629,600,600,0,True,True,True,True
300,1000,300,2,2,0.5,20,600,2,1800,19,342,3316,200,1685,1621,600,600,0,True,True,True,True
300,1000,300,1,4,0.05,20,600,1,1800,0,355,133,187,1255,1085,666,1200,0,True,True,True,True
300,1000,300,1,4,0.05,20,600,1,1800,1,351,92,194,1453,1226,693,1200,0,True,True,True,True
300,1000,300,1,4,0.05,20,600,1,1800,2,358,134,225,1066,951,758,1200,0,True,True,True,True
300,1000,300,1,4,0.05,20,600,1,1800,3,339,114,190,872,800,709,1200,0,True,True,True,True
300,1000,300,1,4,0.05,20,600,1,1800,4,352,89,167,1317,1108,631,1200,0,True,True,True,True
300,1000,300,1,4,0.05,20,600,1,1800,5,333,155,178,939,876,720,1200,0,True,True,True,True
300,1000,300,1,4,0.05,20,600,1,1800,6,351,122,217,1126,981,652,1200,0,True,True,True,True
300,1000,300,1,4,0.05,20,600,1,1800,7,335,137,230,800,700,684,1200,0,True,True,True,True
300,1000,300,1,4,0.05,20,600,1,1800,8,325,155,182,948,829,752,1200,0,True,True,True,True
300,1000,300,1,4,0.05,20,600,1,1800,9,339,114,205,1293,1081,605,1200,0,True,True,True,True
300,1000,300,1,4,0.05,20,600,1,1800,10,319,127,251,993,857,753,1200,0,True,True,True,True
300,1000,300,1,4,0.05,20,600,1,1800,11,329,111,223,1275,1099,729,1200,0,True,True,True,True
300,1000,300,1,4,0.05,20,600,1,1800,12,329,95,186,993,844,655,1200,0,True,True,True,True
300,1000,300,1,4,0.05,20,600,1,1800,13,342,137,196,1482,1254,698,1200,0,True,True,True,True
300,1000,300,1,4,0.05,20,600,1,1800,14,327,121,249,1076,960,762,1200,0,True,True,True,True
300,1000,300,1,4,0.05,20,600,1,1800,15,336,87,180,1100,952,752,1200,0,True,True,True,True
300,1000,300,1,4,0.05,20,600,1,1800,16,357,91,208,1347,1139,677,1200,0,True,True,True,True
300,1000,300,1,4,0.05,20,600,1,1800,17,346,100,205,1168,1022,649,1200,0,True,True,True,True
300,1000,300,1,4,0.05,20,600,1,1800,18,330,117,227,947,808,735,1200,0,True,True,True,True
300,1000,300,1,4,0.05,20,600,1,1800,19,313,106,168,559,499,670,1200,0,True,True,True,True
300,1000,300,1,4,0.05,20,600,2,1800,0,355,133,187,1255,1085,666,1200,0,True,True,True,True
300,1000,300,1,4,0.05,20,600,2,1800,1,351,92,194,1453,1226,693,1200,0,True,True,True,True
300,1000,300,1,4,0.05,20,600,2,1800,2,358,134,225,1066,951,758,1200,0,True,True,True,True
300,1000,300,1,4,0.05,20,600,2,1800,3,339,114,190,872,800,709,1200,0,True,True,True,True
300,1000,300,1,4,0.05,20,600,2,1800,4,352,89,167,1317,1108,631,1200,0,True,True,True,True
300,1000,300,1,4,0.05,20,600,2,1800,5,333,155,178,939,876,720,1200,0,True,True,True,True
300,1000,300,1,4,0.05,20,600,2,1800,6,351,122,217,1126,981,652,1200,0,True,True,True,True
300,1000,300,1,4,0.05,20,600,2,1800,7,335,137,230,800,700,684,1200,0,True,True,True,True
300,1000,300,1,4,0.05,20,600,2,1800,8,325,155,182,948,829,752,1200,0,True,True,True,True
300,1000,300,1,4,0.05,20,600,2,1800,9,339,114,205,1293,1081,605,1200,0,True,True,True,True
300,1000,300,1,4,0.05,20,600,2,1800,10,319,127,251,993,857,753,1200,0,True,True,True,True
300,1000,300,1,4,0.05,20,600,2,1800,11,329,111,223,1275,1099,729,1200,0,True,True,True,True
300,1000,300,1,4,0.05,20,600,2,1800,12,329,95,186,993,844,655,1200,0,True,True,True,True
300,1000,300,1,4,0.05,20,600,2,1800,13,342,137,196,1482,1254,698,1200,0,True,True,True,True
300,1000,300,1,4,0.05,20,600,2,1800,14,327,121,249,1076,960,762,1200,0,True,True,True,True
300,1000,300,1,4,0.05,20,600,2,1800,15,336,87,180,1100,952,752,1200,0,True,True,True,True
300,1000,300,1,4,0.05,20,600,2,1800,16,357,91,208,1347,1139,677,1200,0,True,True,True,True
300,1000,300,1,4,0.05,20,600,2,1800,17,346,100,205,1168,1022,649,1200,0,True,True,True,True
300,1000,300,1,4,0.05,20,600,2,1800,18,330,117,227,947,808,735,1200,0,True,True,True,True
300,1000,300,1,4,0.05,20,600,2,1800,19,313,106,168,559,499,670,1200,0,True,True,True,True
300,1000,300,1,4,0.5,20,600,1,1800,0,402,4033,300,1702,1638,1000,1200,0,True,True,True,True
300,1000,300,1,4,0.5,20,600,1,1800,1,395,4180,300,1740,1636,1000,1200,0,True,True,True,True
300,1000,300,1,4,0.5,20,600,1,1800,2,375,4154,300,1703,1646,1000,1200,0,True,True,True,True
300,1000,300,1,4,0.5,20,600,1,1800,3,405,4209,300,1720,1636,1000,1200,0,True,True,True,True
300,1000,300,1,4,0.5,20,600,1,1800,4,383,4154,300,1721,1633,1000,1200,0,True,True,True,True
300,1000,300,1,4,0.5,20,600,1,1800,5,391,4059,300,1709,1634,1000,1200,0,True,True,True,True
300,1000,300,1,4,0.5,20,600,1,1800,6,375,4137,300,1726,1636,1000,1200,0,True,True,True,True
300,1000,300,1,4,0.5,20,600,1,1800,7,391,4196,300,1727,1635,1000,1200,0,True,True,True,True
300,1000,300,1,4,0.5,20,600,1,1800,8,403,4132,300,1701,1638,1000,1200,0,True,True,True,True
300,1000,300,1,4,0.5,20,600,1,1800,9,393,4167,300,1698,1652,1000,1200,0,True,True,True,True
300,1000,300,1,4,0.5,20,600,1,1800,10,366,4140,300,1724,1655,1000,1200,0,True,True,True,True
300,1000,300,1,4,0.5,20,600,1,1800,11,384,4159,300,1727,1657,1000,1200,0,True,True,True,True
300,1000,300,1,4,0.5,20,600,1,1800,12,388,4112,300,1724,1632,1000,1200,0,True,True,True,True
300,1000,300,1,4,0.5,20,600,1,1800,13,391,4105,300,1742,1642,1000,1200,0,True,True,True,True
300,1000,300,1,4,0.5,20,600,1,1800,14,377,4239,300,1705,1647,1000,1200,0,True,True,True,True
300,1000,300,1,4,0.5,20,600,1,1800,15,403,4165,300,1728,1640,1000,1200,0,True,True,True,True
300,1000,300,1,4,0.5,20,600,1,1800,16,417,4187,300,1744,1636,1000,1200,0,True,True,True,True
300,1000,300,1,4,0.5,20,600,1,1800,17,378,4155,300,1710,1649,1000,1200,0,True,True,True,True
300,1000,300,1,4,0.5,20,600,1,1800,18,383,4121,300,1718,1642,1000,1200,0,True,True,True,True
300,1000,300,1,4,0.5,20,600,1,1800,19,384,4176,300,1718,1651,1000,1200,0,True,True,True,True
300,1000,300,1,4,0.5,20,600,2,1800,0,402,4033,300,1702,1638,1000,1200,0,True,True,True,True
300,1000,300,1,4,0.5,20,600,2,1800,1,395,4180,300,1740,1636,1000,1200,0,True,True,True,True
300,1000,300,1,4,0.5,20,600,2,1800,2,375,4154,300,1703,1646,1000,1200,0,True,True,True,True
300,1000,300,1,4,0.5,20,600,2,1800,3,405,4209,300,1720,1636,1000,1200,0,True,True,True,True
300,1000,300,1,4,0.5,20,600,2,1800,4,383,4154,300,1721,1633,1000,1200,0,True,True,True,True
300,1000,300,1,4,0.5,20,600,2,1800,5,391,4059,300,1709,1634,1000,1200,0,True,True,True,True
300,1000,300,1,4,0.5,20,600,2,1800,6,375,4137,300,1726,1636,1000,1200,0,True,True,True,True
300,1000,300,1,4,0.5,20,600,2,1800,7,391,4196,300,1727,1635,1000,1200,0,True,True,True,True
300,1000,300,1,4,0.5,20,600,2,1800,8,403,4132,300,1701,1638,1000,1200,0,True,True,True,True
300,1000,300,1,4,0.5,20,600,2,1800,9,393,4167,300,1698,1652,1000,1200,0,True,True,True,True
300,1000,300,1,4,0.5,20,600,2,1800,10,366,4140,300,1724,1655,1000,1200,0,True,True,True,True
300,1000,300,1,4,0.5,20,600,2,1800,11,384,4159,300,1727,1657,1000,1200,0,True,True,True,True
300,1000,300,1,4,0.5,20,600,2,1800,12,388,4112,300,1724,1632,1000,1200,0,True,True,True,True
300,1000,300,1,4,0.5,20,600,2,1800,13,391,4105,300,1742,1642,1000,1200,0,True,True,True,True
300,1000,300,1,4,0.5,20,600,2,1800,14,377,4239,300,1705,1647,1000,1200,0,True,True,True,True
300,1000,300,1,4,0.5,20,600,2,1800,15,403,4165,300,1728,1640,1000,1200,0,True,True,True,True
300,1000,300,1,4,0.5,20,600,2,1800,16,417,4187,300,1744,1636,1000,1200,0,True,True,True,True
300,1000,300,1,4,0.5,20,600,2,1800,17,378,4155,300,1710,1649,1000,1200,0,True,True,True,True
300,1000,300,1,4,0.5,20,600,2,1800,18,383,4121,300,1718,1642,1000,1200,0,True,True,True,True
300,1000,300,1,4,0.5,20,600,2,1800,19,384,4176,300,1718,1651,1000,1200,0,True,True,True,True
300,1000,1000,2,2,0.05,20,600,1,1800,0,344,49,322,1364,1138,479,2000,0,True,True,True,True
300,1000,1000,2,2,0.05,20,600,1,1800,1,348,5,344,1363,1142,408,2000,0,True,True,True,True
300,1000,1000,2,2,0.05,20,600,1,1800,2,358,39,420,1387,1147,468,2000,0,True,True,True,True
300,1000,1000,2,2,0.05,20,600,1,1800,3,347,18,336,1353,1119,439,2000,0,True,True,True,True
300,1000,1000,2,2,0.05,20,600,1,1800,4,332,17,308,1272,1064,443,2000,0,True,True,True,True
300,1000,1000,2,2,0.05,20,600,1,1800,5,348,33,359,1443,1205,441,2000,0,True,True,True,True
300,1000,1000,2,2,0.05,20,600,1,1800,6,366,18,331,1441,1187,420,2000,0,True,True,True,True
300,1000,1000,2,2,0.05,20,600,1,1800,7,354,17,374,1483,1249,424,2000,0,True,True,True,True
300,1000,1000,2,2,0.05,20,600,1,1800,8,351,37,392,1330,1116,431,2000,0,True,True,True,True
300,1000,1000,2,2,0.05,20,600,1,1800,9,353,19,358,1405,1171,415,2000,0,True,True,True,True
300,1000,1000,2,2,0.05,20,600,1,1800,10,323,37,352,1306,1109,449,2000,0,True,True,True,True
300,1000,1000,2,2,0.05,20,600,1,1800,11,346,17,337,1369,1136,398,2000,0,True,True,True,True
300,1000,1000,2,2,0.05,20,600,1,1800,12,329,17,405,1300,1078,456,2000,0,True,True,True,True
300,1000,1000,2,2,0.05,20,600,1,1800,13,349,33,335,1363,1127,465,2000,0,True,True,True,True
300,1000,1000,2,2,0.05,20,600,1,1800,14,339,28,355,1417,1194,454,2000,0,True,True,True,True
300,1000,1000,2,2,0.05,20,600,1,1800,15,337,8,301,1371,1145,429,2000,0,True,True,True,True
300,1000,1000,2,2,0.05,20,600,1,1800,16,358,5,362,1088,920,449,2000,0,True,True,True,True
300,1000,1000,2,2,0.05,20,600,1,1800,17,333,14,318,1416,1196,444,2000,0,True,True,True,True
300,1000,1000,2,2,0.05,20,600,1,1800,18,349,17,321,1465,1219,440,2000,0,True,True,True,True
300,1000,1000,2,2,0.05,20,600,1,1800,19,336,2,351,1156,969,441,2000,0,True,True,True,True
300,1000,1000,2,2,0.05,20,600,2,1800,0,344,49,322,1364,1138,479,2000,0,True,True,True,True
300,1000,1000,2,2,0.05,20,600,2,1800,1,348,5,344,1363,1142,408,2000,0,True,True,True,True
300,1000,1000,2,2,0.05,20,600,2,1800,2,358,39,420,1387,1147,468,2000,0,True,True,True,True
300,1000,1000,2,2,0.05,20,600,2,1800,3,347,18,336,1353,1119,439,2000,0,True,True,True,True
300,1000,1000,2,2,0.05,20,600,2,1800,4,332,17,308,1272,1064,443,2000,0,True,True,True,True
300,1000,1000,2,2,0.05,20,600,2,1800,5,348,33,359,1443,1205,441,2000,0,True,True,True,True
300,1000,1000,2,2,0.05,20,600,2,1800,6,366,18,331,1441,1187,420,2000,0,True,True,True,True
300,1000,1000,2,2,0.05,20,600,2,1800,7,354,17,374,1483,1249,424,2000,0,True,True,True,True
300,1000,1000,2,2,0.05,20,600,2,1800,8,351,37,392,1330,1116,431,2000,0,True,True,True,True
300,1000,1000,2,2,0.05,20,600,2,1800,9,353,19,358,1405,1171,415,2000,0,True,True,True,True
300,1000,1000,2,2,0.05,20,600,2,1800,10,323,37,352,1306,1109,449,2000,0,True,True,True,True
300,1000,1000,2,2,0.05,20,600,2,1800,11,346,17,337,1369,1136,398,2000,0,True,True,True,True
300,1000,1000,2,2,0.05,20,600,2,1800,12,329,17,405,1300,1078,456,2000,0,True,True,True,True
300,1000,1000,2,2,0.05,20,600,2,1800,13,349,33,335,1363,1127,465,2000,0,True,True,True,True
300,1000,1000,2,2,0.05,20,600,2,1800,14,339,28,355,1417,1194,454,2000,0,True,True,True,True
300,1000,1000,2,2,0.05,20,600,2,1800,15,337,8,301,1371,1145,429,2000,0,True,True,True,True
300,1000,1000,2,2,0.05,20,600,2,1800,16,358,5,362,1088,920,449,2000,0,True,True,True,True
300,1000,1000,2,2,0.05,20,600,2,1800,17,333,14,318,1416,1196,444,2000,0,True,True,True,True
300,1000,1000,2,2,0.05,20,600,2,1800,18,349,17,321,1465,1219,440,2000,0,True,True,True,True
300,1000,1000,2,2,0.05,20,600,2,1800,19,336,2,351,1156,969,441,2000,0,True,True,True,True
300,1000,1000,2,2,0.5,20,600,1,1800,0,609,2971,1000,1814,1653,1000,2000,0,True,True,True,True
300,1000,1000,2,2,0.5,20,600,1,1800,1,602,3099,1000,1810,1645,1000,2000,0,True,True,True,True
300,1000,1000,2,2,0.5,20,600,1,1800,2,593,3031,1000,1827,1653,1000,2000,0,True,True,True,True
300,1000,1000,2,2,0.5,20,600,1,1800,3,585,3147,1000,1840,1644,1000,2000,0,True,True,True,True
300,1000,1000,2,2,0.5,20,600,1,1800,4,609,3023,1000,1819,1630,1000,2000,0,True,True,True,True
300,1000,1000,2,2,0.5,20,600,1,1800,5,578,2970,1000,1801,1650,1000,2000,0,True,True,True,True
300,1000,1000,2,2,0.5,20,600,1,1800,6,615,3025,1000,1842,1639,1000,2000,0,True,True,True,True
300,1000,1000,2,2,0.5,20,600,1,1800,7,609,3067,1000,1830,1640,1000,2000,0,True,True,True,True
300,1000,1000,2,2,0.5,20,600,1,1800,8,602,2996,1000,1808,1641,1000,2000,0,True,True,True,True
300,1000,1000,2,2,0.5,20,600,1,1800,9,597,3059,1000,1835,1644,1000,2000,0,True,True,True,True
300,1000,1000,2,2,0.5,20,600,1,1800,10,586,3031,1000,1834,1636,1000,2000,0,True,True,True,True
300,1000,1000,2,2,0.5,20,600,1,1800,11,580,3055,1000,1841,1648,1000,2000,0,True,True,True,True
300,1000,1000,2,2,0.5,20,600,1,1800,12,586,3001,1000,1820,1644,1000,2000,0,True,True,True,True
300,1000,1000,2,2,0.5,20,600,1,1800,13,595,3029,1000,1830,1640,1000,2000,0,True,True,True,True
300,1000,1000,2,2,0.5,20,600,1,1800,14,578,3117,1000,1821,1652,1000,2000,0,True,True,True,True
300,1000,1000,2,2,0.5,20,600,1,1800,15,581,3077,1000,1801,1646,1000,2000,0,True,True,True,True
300,1000,1000,2,2,0.5,20,600,1,1800,16,604,3072,1000,1813,1650,1000,2000,0,True,True,True,True
300,1000,1000,2,2,0.5,20,600,1,1800,17,572,3023,1000,1827,1641,1000,2000,0,True,True,True,True
300,1000,1000,2,2,0.5,20,600,1,1800,18,574,3025,1000,1843,1651,1000,2000,0,True,True,True,True
300,1000,1000,2,2,0.5,20,600,1,1800,19,568,3090,1000,1875,1635,1000,2000,0,True,True,True,True
300,1000,1000,2,2,0.5,20,600,2,1800,0,609,2971,1000,1814,1653,1000,2000,0,True,True,True,True
300,1000,1000,2,2,0.5,20,600,2,1800,1,602,3099,1000,1810,1645,1000,2000,0,True,True,True,True
300,1000,1000,2,2,0.5,20,600,2,1800,2,593,3031,1000,1827,1653,1000,2000,0,True,True,True,True
300,1000,1000,2,2,0.5,20,600,2,1800,3,585,3147,1000,1840,1644,1000,2000,0,True,True,True,True
300,1000,1000,2,2,0.5,20,600,2,1800,4,609,3023,1000,1819,1630,1000,2000,0,True,True,True,True
300,1000,1000,2,2,0.5,20,600,2,1800,5,578,2970,1000,1801,1650,1000,2000,0,True,True,True,True
300,1000,1000,2,2,0.5,20,600,2,1800,6,615,3025,1000,1842,1639,1000,2000,0,True,True,True,True
300,1000,1000,2,2,0.5,20,600,2,1800,7,609,3067,1000,1830,1640,1000,2000,0,True,True,True,True
300,1000,1000,2,2,0.5,20,600,2,1800,8,602,2996,1000,1808,1641,1000,2000,0,True,True,True,True
300,1000,1000,2,2,0.5,20,600,2,1800,9,597,3059,1000,1835,1644,1000,2000,0,True,True,True,True
300,1000,1000,2,2,0.5,20,600,2,1800,10,586,3031,1000,1834,1636,1000,2000,0,True,True,True,True
300,1000,1000,2,2,0.5,20,600,2,1800,11,580,3055,1000,1841,1648,1000,2000,0,True,True,True,True
300,1000,1000,2,2,0.5,20,600,2,1800,12,586,3001,1000,1820,1644,1000,2000,0,True,True,True,True
300,1000,1000,2,2,0.5,20,600,2,1800,13,595,3029,1000,1830,1640,1000,2000,0,True,True,True,True
300,1000,1000,2,2,0.5,20,600,2,1800,14,578,3117,1000,1821,1652,1000,2000,0,True,True,True,True
300,1000,1000,2,2,0.5,20,600,2,1800,15,581,3077,1000,1801,1646,1000,2000,0,True,True,True,True
300,1000,1000,2,2,0.5,20,600,2,1800,16,604,3072,1000,1813,1650,1000,2000,0,True,True,True,True
300,1000,1000,2,2,0.5,20,600,2,1800,17,572,3023,1000,1827,1641,1000,2000,0,True,True,True,True
300,1000,1000,2,2,0.5,20,600,2,1800,18,574,3025,1000,1843,1651,1000,2000,0,True,True,True,True
300,1000,1000,2,2,0.5,20,600,2,1800,19,568,3090,1000,1875,1635,1000,2000,0,True,True,True,True
300,1000,1000,1,4,0.05,20,600,1,1800,0,373,115,353,1484,1265,673,4000,0,True,True,True,True
300,1000,1000,1,4,0.05,20,600,1,1800,1,357,86,223,1466,1234,693,4000,0,True,True,True,True
300,1000,1000,1,4,0.05,20,600,1,1800,2,361,131,298,1364,1192,758,4000,0,True,True,True,True
300,1000,1000,1,4,0.05,20,600,1,1800,3,363,90,246,1289,1115,709,4000,0,True,True,True,True
300,1000,1000,1,4,0.05,20,600,1,1800,4,357,84,303,1451,1229,631,4000,0,True,True,True,True
300,1000,1000,1,4,0.05,20,600,1,1800,5,345,143,344,1423,1248,758,4000,0,True,True,True,True
300,1000,1000,1,4,0.05,20,600,1,1800,6,358,115,266,1564,1330,652,4000,0,True,True,True,True
300,1000,1000,1,4,0.05,20,600,1,1800,7,360,112,277,1409,1199,684,4000,0,True,True,True,True
300,1000,1000,1,4,0.05,20,600,1,1800,8,345,135,206,1492,1274,752,4000,0,True,True,True,True
300,1000,1000,1,4,0.05,20,600,1,1800,9,353,100,243,1421,1178,605,4000,0,True,True,True,True
300,1000,1000,1,4,0.05,20,600,1,1800,10,335,111,280,1434,1232,769,4000,0,True,True,True,True
300,1000,1000,1,4,0.05,20,600,1,1800,11,329,111,233,1476,1263,729,4000,0,True,True,True,True
300,1000,1000,1,4,0.05,20,600,1,1800,12,354,70,266,1401,1167,598,4000,0,True,True,True,True
300,1000,1000,1,4,0.05,20,600,1,1800,13,339,140,223,1531,1310,702,4000,0,True,True,True,True
300,1000,1000,1,4,0.05,20,600,1,1800,14,332,116,255,1153,1026,780,4000,0,True,True,True,True
300,1000,1000,1,4,0.05,20,600,1,1800,15,337,86,186,1260,1080,775,4000,0,True,True,True,True
300,1000,1000,1,4,0.05,20,600,1,1800,16,366,82,256,1429,1198,639,4000,0,True,True,True,True
300,1000,1000,1,4,0.05,20,600,1,1800,17,349,97,267,1300,1129,649,4000,0,True,True,True,True
300,1000,1000,1,4,0.05,20,600,1,1800,18,339,108,247,1230,1068,735,4000,0,True,True,True,True
300,1000,1000,1,4,0.05,20,600,1,1800,19,328,91,247,846,734,670,4000,0,True,True,True,True
300,1000,1000,1,4,0.05,20,600,2,1800,0,373,115,353,1484,1265,673,4000,0,True,True,True,True
300,1000,1000,1,4,0.05,20,600,2,1800,1,357,86,223,1466,1234,693,4000,0,True,True,True,True
300,1000,1000,1,4,0.05,20,600,2,1800,2,361,131,298,1364,1192,758,4000,0,True,True,True,True
300,1000,1000,1,4,0.05,20,600,2,1800,3,363,90,246,1289,1115,709,4000,0,True,True,True,True
300,1000,1000,1,4,0.05,20,600,2,1800,4,357,84,303,1451,1229,631,4000,0,True,True,True,True
300,1000,1000,1,4,0.05,20,600,2,1800,5,345,143,344,1423,1248,758,4000,0,True,True,True,True
300,1000,1000,1,4,0.05,20,600,2,1800,6,358,115,266,1564,1330,652,4000,0,True,True,True,True
300,1000,1000,1,4,0.05,20,600,2,1800,7,360,112,277,1409,1199,684,4000,0,True,True,True,True
300,1000,1000,1,4,0.05,20,600,2,1800,8,345,135,206,1492,1274,752,4000,0,True,True,True,True
300,1000,1000,1,4,0.05,20,600,2,1800,9,353,100,243,1421,1178,605,4000,0,True,True,True,True
300,1000,1000,1,4,0.05,20,600,2,1800,10,335,111,280,1434,1232,769,4000,0,True,True,True,True
300,1000,1000,1,4,0.05,20,600,2,1800,11,329,111,233,1476,1263,729,4000,0,True,True,True,True
300,1000,1000,1,4,0.05,20,600,2,1800,12,354,70,266,1401,1167,598,4000,0,True,True,True,True
300,1000,1000,1,4,0.05,20,600,2,1800,13,339,140,223,1531,1310,702,4000,0,True,True,True,True
300,1000,1000,1,4,0.05,20,600,2,1800,14,332,116,255,1153,1026,780,4000,0,True,True,True,True
300,1000,1000,1,4,0.05,20,600,2,1800,15,337,86,186,1260,1080,775,4000,0,True,True,True,True
300,1000,1000,1,4,0.05,20,600,2,1800,16,366,82,256,1429,1198,639,4000,0,True,True,True,True
300,1000,1000,1,4,0.05,20,600,2,1800,17,349,97,267,1300,1129,649,4000,0,True,True,True,True
300,1000,1000,1,4,0.05,20,600,2,1800,18,339,108,247,1230,1068,735,4000,0,True,True,True,True
300,1000,1000,1,4,0.05,20,600,2,1800,19,328,91,247,846,734,670,4000,0,True,True,True,True
300,1000,1000,1,4,0.5,20,600,1,1800,0,606,3829,1000,1881,1579,1000,4000,0,True,True,True,True
300,1000,1000,1,4,0.5,20,600,1,1800,1,608,3967,1000,1914,1587,1000,4000,0,True,True,True,True
300,1000,1000,1,4,0.5,20,600,1,1800,2,596,3933,999,1897,1583,1000,4000,0,True,True,True,True
300,1000,1000,1,4,0.5,20,600,1,1800,3,592,4022,1000,1872,1570,1000,4000,0,True,True,True,True
300,1000,1000,1,4,0.5,20,600,1,1800,4,630,3907,1000,1917,1558,1000,4000,0,True,True,True,True
300,1000,1000,1,4,0.5,20,600,1,1800,5,596,3854,1000,1896,1594,1000,4000,0,True,True,True,True
300,1000,1000,1,4,0.5,20,600,1,1800,6,606,3906,1000,1905,1560,1000,4000,0,True,True,True,True
300,1000,1000,1,4,0.5,20,600,1,1800,7,612,3975,1000,1913,1561,1000,4000,0,True,True,True,True
300,1000,1000,1,4,0.5,20,600,1,1800,8,636,3899,1000,1891,1564,1000,4000,0,True,True,True,True
300,1000,1000,1,4,0.5,20,600,1,1800,9,598,3962,1000,1899,1597,1000,4000,0,True,True,True,True
300,1000,1000,1,4,0.5,20,600,1,1800,10,593,3913,1000,1917,1600,1000,4000,0,True,True,True,True
300,1000,1000,1,4,0.5,20,600,1,1800,11,638,3905,1000,1900,1565,1000,4000,0,True,True,True,True
300,1000,1000,1,4,0.5,20,600,1,1800,12,598,3902,1000,1884,1566,1000,4000,0,True,True,True,True
300,1000,1000,1,4,0.5,20,600,1,1800,13,598,3898,1000,1886,1559,1000,4000,0,True,True,True,True
300,1000,1000,1,4,0.5,20,600,1,1800,14,593,4023,1000,1884,1593,1000,4000,0,True,True,True,True
300,1000,1000,1,4,0.5,20,600,1,1800,15,593,3975,1000,1889,1582,1000,4000,0,True,True,True,True
300,1000,1000,1,4,0.5,20,600,1,1800,16,632,3972,1000,1874,1569,1000,4000,0,True,True,True,True
300,1000,1000,1,4,0.5,20,600,1,1800,17,600,3933,1000,1895,1577,1000,4000,0,True,True,True,True
300,1000,1000,1,4,0.5,20,600,1,1800,18,601,3903,1000,1890,1563,1000,4000,0,True,True,True,True
300,1000,1000,1,4,0.5,20,600,1,1800,19,575,3985,1000,1884,1588,1000,4000,0,True,True,True,True
300,1000,1000,1,4,0.5,20,600,2,1800,0,606,3829,1000,1881,1579,1000,4000,0,True,True,True,True
300,1000,1000,1,4,0.5,20,600,2,1800,1,608,3967,1000,1914,1587,1000,4000,0,True,True,True,True
300,1000,1000,1,4,0.5,20,600,2,1800,2,596,3933,999,1897,1583,1000,4000,0,True,True,True,True
300,1000,1000,1,4,0.5,20,600,2,1800,3,592,4022,1000,1872,1570,1000,4000,0,True,True,True,True
300,1000,1000,1,4,0.5,20,600,2,1800,4,630,3907,1000,1917,1558,1000,4000,0,True,True,True,True
300,1000,1000,1,4,0.5,20,600,2,1800,5,596,3854,1000,1896,1594,1000,4000,0,True,True,True,True
300,1000,1000,1,4,0.5,20,600,2,1800,6,606,3906,1000,1905,1560,1000,4000,0,True,True,True,True
300,1000,1000,1,4,0.5,20,600,2,1800,7,612,3975,1000,1913,1561,1000,4000,0,True,True,True,True
300,1000,1000,1,4,0.5,20,600,2,1800,8,636,3899,1000,1891,1564,1000,4000,0,True,True,True,True
300,1000,1000,1,4,0.5,20,600,2,1800,9,598,3962,1000,1899,1597,1000,4000,0,True,True,True,True
300,1000,1000,1,4,0.5,20,600,2,1800,10,593,3913,1000,1917,1600,1000,4000,0,True,True,True,True
300,1000,1000,1,4,0.5,20,600,2,1800,11,638,3905,1000,1900,1565,1000,4000,0,True,True,True,True
300,1000,1000,1,4,0.5,20,600,2,1800,12,598,3902,1000,1884,1566,1000,4000,0,True,True,True,True
300,1000,1000,1,4,0.5,20,600,2,1800,13,598,3898,1000,1886,1559,1000,4000,0,True,True,True,True
300,1000,1000,1,4,0.5,20,600,2,1800,14,593,4023,1000,1884,1593,1000,4000,0,True,True,True,True
300,1000,1000,1,4,0.5,20,600,2,1800,15,593,3975,1000,1889,1582,1000,4000,0,True,True,True,True
300,1000,1000,1,4,0.5,20,600,2,1800,16,632,3972,1000,1874,1569,1000,4000,0,True,True,True,True
300,1000,1000,1,4,0.5,20,600,2,1800,17,600,3933,1000,1895,1577,1000,4000,0,True,True,True,True
300,1000,1000,1,4,0.5,20,600,2,1800,18,601,3903,1000,1890,1563,1000,4000,0,True,True,True,True
300,1000,1000,1,4,0.5,20,600,2,1800,19,575,3985,1000,1884,1588,1000,4000,0,True,True,True,True
